creative_id,top_persona,top_score,second_score,margin,decision,nearest_confirmed_similarity,nearest_confirmed_id
c_0001,Traveler & Leisure,0.8855736315914343,0.06407455814410068,0.8214990734473336,suggest,0.9510081,c_1086
c_0002,Tech Enthusiast,0.6275836440619854,0.5296704884664485,0.09791315559553693,suggest_with_caution,0.77396315,c_2470
c_0005,Traveler & Leisure,0.9954337782883592,0.11163654243501313,0.8837972358533461,suggest,0.71684915,c_2672
c_0006,Health & Wellness Seeker,0.9836079650463709,0.1411811569300352,0.8424268081163357,suggest,0.7207334,c_1994
c_0007,Traveler & Leisure,0.6639383645333907,0.168732708443301,0.4952056560900897,suggest,0.77292925,c_1278
c_0009,Traveler & Leisure,0.7427297049970997,0.09227533929594356,0.6504543657011561,suggest,0.6945633,c_0318
c_0010,Small Business & B2B,0.8497754824346354,0.4230160327971017,0.4267594496375337,suggest,0.7024049,c_2436
c_0012,Student & Learner,0.39689164967613094,0.22382539299574544,0.1730662566803855,abstain,0.6620057,c_0899
c_0014,Tech Enthusiast,0.9969008985522296,0.5980359783700054,0.3988649201822242,suggest,0.90533614,c_2313
c_0017,Health & Wellness Seeker,0.37197708040662963,0.10893885932950056,0.26303822107712904,abstain,0.83095294,c_1122
c_0018,Small Business & B2B,0.8878336331155955,0.39053601305160196,0.49729762006399353,suggest,0.92609984,c_2436
c_0019,Health & Wellness Seeker,0.8480664482869031,0.14540760978507436,0.7026588385018288,suggest,0.6287765,c_1449
c_0021,Traveler & Leisure,0.8980343115159996,0.20339690058590654,0.694637410930093,suggest,0.95871574,c_0699
c_0022,Health & Wellness Seeker,0.7329922109157206,0.23716157665329465,0.495830634262426,suggest,0.70092344,c_0518
c_0024,Small Business & B2B,0.9867656931391716,0.5678675351614311,0.41889815797774055,suggest,0.69436526,c_2844
c_0025,Health & Wellness Seeker,0.8237162796256939,0.30088991828991746,0.5228263613357764,suggest,0.802544,c_1329
c_0026,Traveler & Leisure,0.9748203082142664,0.052406418359495416,0.9224138898547709,suggest,0.80197245,c_2672
c_0027,Tech Enthusiast,0.9030527172694235,0.2122230259909075,0.690829691278516,suggest,0.6985353,c_2243
c_0028,Small Business & B2B,0.9019540711218232,0.5327582660971655,0.36919580502465776,suggest,0.8022637,c_2776
c_0029,Traveler & Leisure,0.9779298911373654,0.15310397252880392,0.8248259186085615,suggest,0.7291369,c_1072
c_0031,Tech Enthusiast,0.7400523693263157,0.33936871022690973,0.40068365909940595,suggest,0.8569561,c_0390
c_0032,Tech Enthusiast,0.9870864220058279,0.1564316788723882,0.8306547431334397,suggest,0.7065506,c_1732
c_0033,Homeowner,0.507677632761825,0.501176641111249,0.006500991650575938,suggest_with_caution,0.75714624,c_0567
c_0034,Small Business & B2B,0.7622733298894757,0.17390034234420804,0.5883729875452677,suggest,0.8136172,c_1122
c_0035,Traveler & Leisure,0.9980428213944696,0.11817278717144684,0.8798700342230228,suggest,0.81327575,c_2487
c_0036,Homeowner,0.8116378369428181,0.34687179804940244,0.46476603889341567,suggest,0.74012685,c_1967
c_0037,Tech Enthusiast,0.9389821428884467,0.7719122242807217,0.16706991860772502,suggest,0.94908756,c_2313
c_0038,Retiree & Senior,0.9873646752964191,0.3931977034190607,0.5941669718773585,suggest,0.95420295,c_0507
c_0039,Parent & Family,0.7644015118981206,0.37135334898335465,0.3930481629147659,suggest,0.7354179,c_1329
c_0040,Student & Learner,0.949157551056623,0.2353879343248167,0.7137696167318064,suggest,0.82241046,c_0913
c_0042,Tech Enthusiast,0.9792783692548069,0.316422577352826,0.662855791901981,suggest,0.81709665,c_2005
c_0043,Tech Enthusiast,0.3105372131653542,0.29261707302832085,0.017920140137033358,abstain,0.7056347,c_1848
c_0044,Tech Enthusiast,0.9553192717637631,0.3942174749776598,0.5611017967861033,suggest,0.75266796,c_0999
c_0045,Health & Wellness Seeker,0.9747376073547918,0.2445259394786931,0.7302116678760986,suggest,0.8007992,c_2434
c_0046,Traveler & Leisure,0.8622213079223969,0.19183550167130373,0.6703858062510932,suggest,0.58541054,c_0327
c_0047,Tech Enthusiast,0.4705715390609373,0.35450333575674337,0.11606820330419393,suggest_with_caution,0.7149893,c_0401
c_0048,Health & Wellness Seeker,0.9853141721905644,0.06236657432693493,0.9229475978636295,suggest,0.79460406,c_0839
c_0049,Traveler & Leisure,0.650565218189452,0.4425208430145923,0.20804437517485969,suggest,0.775508,c_2313
c_0051,Homeowner,0.9812752205042167,0.35337125994994095,0.6279039605542758,suggest,0.76859546,c_1718
c_0052,Small Business & B2B,0.9256421745587368,0.2542952126095539,0.6713469619491829,suggest,0.73536325,c_2470
c_0053,Student & Learner,0.732940372215382,0.13116600991964816,0.6017743622957339,suggest,0.7634432,c_1470
c_0054,Small Business & B2B,0.9468751160089881,0.5250939605263724,0.42178115548261574,suggest,0.78198755,c_0752
c_0055,Small Business & B2B,0.7866167315397765,0.4298547893314045,0.35676194220837204,suggest,0.91152465,c_2632
c_0056,Traveler & Leisure,0.9976092064281151,0.20455313429283886,0.7930560721352763,suggest,0.6588212,c_2039
c_0057,Traveler & Leisure,0.726360746644709,0.19445060328742259,0.5319101433572864,suggest,0.6930252,c_2286
c_0058,Traveler & Leisure,0.589861769826921,0.4038104014307355,0.18605136839618547,suggest_with_caution,0.7560407,c_2366
c_0060,Student & Learner,0.9765532327287341,0.9615506496711054,0.015002583057628693,suggest_with_caution,0.71133924,c_0995
c_0061,Tech Enthusiast,0.6008329549340775,0.17856480790780985,0.4222681470262677,suggest,0.8509483,c_1792
c_0062,Health & Wellness Seeker,0.9080854669928975,0.42418969051005306,0.48389577648284443,suggest,0.9415214,c_1883
c_0063,Homeowner,0.9106334984440172,0.285135500344347,0.6254979980996702,suggest,0.93269014,c_1065
c_0064,Traveler & Leisure,0.5067814877111092,0.36578308840843815,0.14099839930267105,suggest_with_caution,0.60887414,c_2083
c_0065,Tech Enthusiast,0.6935707975618632,0.6907211109794344,0.00284968658242879,suggest_with_caution,0.767062,c_1800
c_0066,Student & Learner,0.3429559981061326,0.21545562855114347,0.1275003695549891,abstain,0.8014796,c_1998
c_0067,Health & Wellness Seeker,0.953046842474656,0.19522886701376077,0.7578179754608952,suggest,0.74497193,c_0108
c_0068,Student & Learner,0.2575350781690892,0.2530350695670609,0.004500008602028316,abstain,0.8033623,c_1994
c_0069,Traveler & Leisure,0.8983233073950986,0.3047565757105772,0.5935667316845215,suggest,0.67109144,c_1203
c_0070,Traveler & Leisure,0.6748967537421765,0.3204053719446065,0.35449138179757,suggest,0.75567114,c_1404
c_0072,Tech Enthusiast,0.8155931397299743,0.31633141825678984,0.4992617214731844,suggest,0.7928845,c_1481
c_0073,Traveler & Leisure,0.8168734104079224,0.18841544480798827,0.628457965599934,suggest,0.65603626,c_1049
c_0074,Tech Enthusiast,0.44915740537781706,0.2417190001084403,0.20743840526937676,abstain,0.9494747,c_0862
c_0075,Tech Enthusiast,0.9340534107418,0.1253027680799436,0.8087506426618565,suggest,0.8582476,c_2005
c_0076,Tech Enthusiast,0.9250541477902066,0.1416039829355242,0.7834501648546823,suggest,0.74087226,c_0573
c_0077,Student & Learner,0.9443201133933788,0.8531001234728787,0.09121998992050018,suggest_with_caution,0.7883325,c_2630
c_0078,Health & Wellness Seeker,0.866666672543305,0.1500885667466016,0.7165781057967033,suggest,0.9615137,c_0521
c_0079,Small Business & B2B,0.7102973552781054,0.20074699853410555,0.5095503567439998,suggest,0.7113356,c_1991
c_0080,Traveler & Leisure,0.31800963489861356,0.1644329143959907,0.15357672050262286,abstain,0.6864576,c_2286
c_0081,Health & Wellness Seeker,0.9554180724394865,0.07809876932711388,0.8773193031123726,suggest,0.8976964,c_0108
c_0082,Traveler & Leisure,0.7041224995099097,0.445993361280876,0.25812913822903366,suggest,0.6602485,c_0693
c_0083,Traveler & Leisure,0.5123456686470912,0.08867566210698742,0.4236700065401038,suggest_with_caution,0.8148914,c_2672
c_0084,Retiree & Senior,0.2979421762234882,0.24596302784540022,0.05197914837808795,abstain,0.7858444,c_2619
c_0085,Small Business & B2B,0.6527141218279989,0.33017622892146115,0.3225378929065378,suggest,0.8109051,c_1122
c_0086,Traveler & Leisure,0.9816962365912083,0.25272259247335466,0.7289736441178536,suggest,0.7084777,c_0840
c_0087,Tech Enthusiast,0.7962525668802581,0.4452269573850492,0.35102560949520895,suggest,0.74712217,c_1061
c_0088,Traveler & Leisure,0.8703575429040145,0.26298346348971186,0.6073740794143025,suggest,0.7637026,c_2286
c_0089,Traveler & Leisure,0.9099671002383828,0.07334565214334814,0.8366214480950347,suggest,0.80168754,c_1072
c_0090,Small Business & B2B,0.8910450752498629,0.3351272951867248,0.5559177800631381,suggest,0.7335593,c_1402
c_0091,Small Business & B2B,0.9848139530387076,0.28823447566782273,0.6965794773708849,suggest,0.80879414,c_1267
c_0092,Homeowner,0.5646470240689921,0.277220902728406,0.28742612134058615,suggest_with_caution,0.781891,c_1065
c_0094,Traveler & Leisure,0.8058016811047618,0.10558113517102942,0.7002205459337324,suggest,0.6260638,c_0664
c_0095,Traveler & Leisure,0.4120130714598706,0.197479527140328,0.2145335443195426,abstain,0.89026606,c_1053
c_0096,Tech Enthusiast,0.9041529640910033,0.4239822985983314,0.4801706654926719,suggest,0.68095356,c_1907
c_0097,Traveler & Leisure,0.8551277477884727,0.6241131952351114,0.23101455255336123,suggest,0.7428944,c_1203
c_0098,Small Business & B2B,0.568357982571969,0.25588085417756756,0.31247712839440145,suggest_with_caution,0.72659653,c_0904
c_0099,Health & Wellness Seeker,0.5359569750924985,0.20449018013741832,0.3314667949550802,suggest_with_caution,0.8047241,c_1994
c_0101,Small Business & B2B,0.7831857106842698,0.32246584992781957,0.4607198607564502,suggest,0.8153477,c_1683
c_0102,Small Business & B2B,0.9270255655005643,0.2113047867045907,0.7157207787959735,suggest,0.7624476,c_2870
c_0103,Parent & Family,0.5291786344341516,0.22827094104688142,0.3009076933872702,suggest_with_caution,0.6181312,c_1176
c_0104,Homeowner,0.8764105965548671,0.8676798255983172,0.008730770956549838,suggest_with_caution,0.6963075,c_2662
c_0105,Student & Learner,0.8098782202241779,0.3503706082390504,0.45950761198512746,suggest,0.75647825,c_0913
c_0106,Small Business & B2B,0.25253799503142094,0.18865292651778232,0.06388506851363862,abstain,0.74360853,c_2865
c_0107,Health & Wellness Seeker,0.4360144812240712,0.23128299344924866,0.20473148777482256,abstain,0.78323555,c_2297
c_0109,Student & Learner,0.6257907428292994,0.29222362407668434,0.333567118752615,suggest,0.7365411,c_2714
c_0110,Small Business & B2B,0.9397356579644996,0.13614526200821278,0.8035903959562869,suggest,0.8205397,c_1122
c_0111,Tech Enthusiast,0.780148683356326,0.6544347236413725,0.12571395971495358,suggest,0.69948566,c_1907
c_0113,Tech Enthusiast,0.665228237298877,0.4544567176377285,0.21077151966114854,suggest,0.8435933,c_1061
c_0114,Traveler & Leisure,0.9876314270683325,0.049896794190569305,0.9377346328777632,suggest,0.6454606,c_2288
c_0115,Homeowner,0.8668650565804261,0.8407198126943383,0.026145243886087854,suggest_with_caution,0.65966165,c_1402
c_0116,Small Business & B2B,0.9757055183334328,0.1780382606648191,0.7976672576686137,suggest,0.8594828,c_0907
c_0118,Parent & Family,0.5019413182759231,0.35827781293242633,0.1436635053434968,suggest_with_caution,0.7033478,c_2587
c_0119,Small Business & B2B,0.6215351407172022,0.606635849224903,0.014899291492299183,suggest_with_caution,0.6230037,c_0752
c_0120,Small Business & B2B,0.8044377196211718,0.35417185830633746,0.45026586131483437,suggest,0.72816,c_2491
c_0121,Small Business & B2B,0.8390952447775084,0.16107757359589173,0.6780176711816167,suggest,0.7286901,c_1122
c_0122,Traveler & Leisure,0.609855563263457,0.2619359276684382,0.3479196355950188,suggest,0.6811813,c_1203
c_0123,Student & Learner,0.9930422155130778,0.09067143317064118,0.9023707823424366,suggest,0.74073184,c_2205
c_0124,Small Business & B2B,0.8875541879397827,0.38815740675181154,0.49939678118797115,suggest,0.9253863,c_2436
c_0125,Traveler & Leisure,0.9717593024281171,0.22348378332740135,0.7482755191007158,suggest,0.9024404,c_1555
c_0127,Tech Enthusiast,0.99655603049618,0.11730609836820659,0.8792499321279734,suggest,0.79462075,c_0390
c_0128,Retiree & Senior,0.9214501043304145,0.8599318966391448,0.0615182076912697,suggest_with_caution,0.8362338,c_1019
c_0129,Tech Enthusiast,0.9996471047853954,0.1523079632075149,0.8473391415778805,suggest,0.7448205,c_2180
c_0131,Homeowner,0.33686844335734134,0.19430148642122438,0.14256695693611696,abstain,0.8411245,c_1065
c_0132,Tech Enthusiast,0.41033073304817397,0.31010301857255984,0.10022771447561413,abstain,0.6669223,c_1241
c_0133,Small Business & B2B,0.42665599587717845,0.32056771959994024,0.10608827627723821,abstain,0.72969025,c_1071
c_0134,Small Business & B2B,0.9744241483299911,0.1122976783666473,0.8621264699633439,suggest,0.7286193,c_1991
c_0135,Tech Enthusiast,0.3823505596408983,0.15001615488732037,0.23233440475357794,abstain,0.6902296,c_1883
c_0136,Homeowner,0.7759432051264207,0.34808064034267977,0.4278625647837409,suggest,0.7605887,c_2714
c_0137,Health & Wellness Seeker,0.591638816576431,0.46623028454218624,0.1254085320342448,suggest_with_caution,0.77694595,c_0518
c_0138,Small Business & B2B,0.9729639589516271,0.4248636183499013,0.5481003406017259,suggest,0.8009639,c_1902
c_0139,Homeowner,0.4165185920051206,0.3427170951059796,0.073801496899141,abstain,0.64445525,c_1889
c_0140,Small Business & B2B,0.82936520158707,0.2961930439368144,0.5331721576502555,suggest,0.7189873,c_2091
c_0142,Student & Learner,0.5857415658451319,0.540282687819929,0.045458878025202876,suggest_with_caution,0.7439755,c_2061
c_0143,Traveler & Leisure,0.8969085665542632,0.14640540489934487,0.7505031616549184,suggest,0.7839763,c_0327
c_0144,Traveler & Leisure,0.9847129344637187,0.14210858665480838,0.8426043478089102,suggest,0.6562526,c_0327
c_0145,Health & Wellness Seeker,0.7026403762311789,0.5120514494715441,0.1905889267596348,suggest,0.7509764,c_1179
c_0146,Small Business & B2B,0.5675726243357716,0.46204106279588386,0.10553156153988774,suggest_with_caution,0.66378605,c_0071
c_0147,Retiree & Senior,0.9816313838876355,0.382722923876897,0.5989084600107385,suggest,0.8552751,c_2752
c_0150,Traveler & Leisure,0.6097816920203974,0.3902590943507552,0.21952259766964227,suggest,0.68838936,c_1203
c_0151,Small Business & B2B,0.8330210943256275,0.6246882515014663,0.2083328428241612,suggest,0.80683994,c_2185
c_0152,Small Business & B2B,0.8443643809982481,0.1680603159280101,0.676304065070238,suggest,0.75487435,c_0000
c_0153,Tech Enthusiast,0.7280469479587633,0.38712665994321427,0.3409202880155491,suggest,0.801613,c_1159
c_0154,Health & Wellness Seeker,0.22398253649673805,0.2103357774692462,0.01364675902749185,abstain,0.6791987,c_1349
c_0155,Retiree & Senior,0.5694870348479476,0.19823193364042044,0.37125510120752714,suggest_with_caution,0.7561997,c_2619
c_0158,Homeowner,0.3376918686831086,0.29076063278754843,0.04693123589556014,abstain,0.723996,c_1883
c_0159,Traveler & Leisure,0.9089092351544857,0.2969855642332634,0.6119236709212224,suggest,0.75262856,c_1907
c_0161,Tech Enthusiast,0.8086734364869016,0.31007244633910613,0.49860099014779546,suggest,0.75044566,c_0573
c_0162,Traveler & Leisure,0.9598303711405813,0.804854557055665,0.15497581408491634,suggest,0.6724314,c_1430
c_0164,Traveler & Leisure,0.6071376364053139,0.3082030284754082,0.2989346079299057,suggest,0.6465254,c_2855
c_0166,Tech Enthusiast,0.6486444933646379,0.4683780159959736,0.1802664773686643,suggest,0.83842766,c_2313
c_0167,Student & Learner,0.31615471617319835,0.2863620199089796,0.029792696264218765,abstain,0.7889899,c_0910
c_0168,Traveler & Leisure,0.9310529601756296,0.29644331728830653,0.634609642887323,suggest,0.6535363,c_2549
c_0169,Student & Learner,0.9051594952015146,0.32588345637159627,0.5792760388299183,suggest,0.82906556,c_1998
c_0170,Tech Enthusiast,0.5382995196656137,0.19604212772375187,0.3422573919418619,suggest_with_caution,0.7041668,c_2366
c_0171,Traveler & Leisure,0.7335290230093658,0.12823056143810357,0.6052984615712622,suggest,0.84125924,c_2672
c_0172,Traveler & Leisure,0.5649908406410797,0.13990974565340186,0.4250810949876779,suggest_with_caution,0.74758947,c_1122
c_0173,Small Business & B2B,0.6473663647555248,0.4413032379603489,0.20606312679517585,suggest,0.81439424,c_2870
c_0174,Homeowner,0.3974327978490317,0.24815812129578727,0.14927467655324442,abstain,0.7303293,c_1166
c_0175,Traveler & Leisure,0.8981298884191791,0.45202374602480444,0.4461061423943746,suggest,0.6654977,c_1404
c_0177,Tech Enthusiast,0.7475359461814284,0.3374845104725582,0.4100514357088702,suggest,0.6709298,c_2054
c_0178,Tech Enthusiast,0.663702409699852,0.29513202360994406,0.3685703860899079,suggest,0.760876,c_1579
c_0179,Traveler & Leisure,0.7797204319799551,0.2915613982069014,0.4881590337730537,suggest,0.6117492,c_0619
c_0180,Traveler & Leisure,0.9440094578998537,0.5528879725117664,0.39112148538808733,suggest,0.8437788,c_2672
c_0181,Traveler & Leisure,0.682221107312912,0.3901710296965965,0.29205007761631546,suggest,0.7165351,c_1065
c_0182,Health & Wellness Seeker,0.6890449183530123,0.2213750980087365,0.4676698203442758,suggest,0.74700934,c_0108
c_0183,Traveler & Leisure,0.9701159860715292,0.1429349136231883,0.8271810724483408,suggest,0.7546057,c_0327
c_0184,Traveler & Leisure,0.9149684655568463,0.2229474742152474,0.6920209913415989,suggest,0.7117914,c_2654
c_0185,Tech Enthusiast,0.4973004044973423,0.3405783714411073,0.156722033056235,suggest_with_caution,0.781991,c_0359
c_0186,Traveler & Leisure,0.699825154037024,0.34851953941498337,0.3513056146220407,suggest,0.72590154,c_1072
c_0188,Small Business & B2B,0.3304512685677523,0.2682703183356704,0.06218095023208192,abstain,0.72440857,c_0678
c_0189,Small Business & B2B,0.5476995274079236,0.2941764194621129,0.2535231079458107,suggest_with_caution,0.9562929,c_2705
c_0190,Health & Wellness Seeker,0.5862432745870447,0.20215017418939757,0.38409310039764716,suggest_with_caution,0.8420044,c_0735
c_0191,Health & Wellness Seeker,0.42651069975120104,0.30907010136357577,0.11744059838762527,abstain,0.7826142,c_0000
c_0192,Health & Wellness Seeker,0.3822493496607172,0.2655291382279591,0.11672021143275813,abstain,0.7181573,c_2652
c_0193,Homeowner,0.6578264340041267,0.43623448463223824,0.22159194937188842,suggest,0.7302992,c_1931
c_0195,Traveler & Leisure,0.9028579423747667,0.07679815729248599,0.8260597850822807,suggest,0.69477904,c_2823
c_0196,Health & Wellness Seeker,0.8697817150393133,0.1980627459937879,0.6717189690455254,suggest,0.7119613,c_1967
c_0197,Traveler & Leisure,0.39382996626256905,0.33966971266337076,0.054160253599198294,abstain,0.73314553,c_2575
c_0198,Traveler & Leisure,0.9720414526036456,0.07114617925764073,0.9008952733460048,suggest,0.74110144,c_1611
c_0199,Homeowner,0.8445230310490225,0.36608456481727625,0.47843846623174624,suggest,0.94503134,c_1065
c_0200,Traveler & Leisure,0.6689437981684364,0.3604194625602267,0.3085243356082097,suggest,0.73472035,c_0573
c_0201,Homeowner,0.7206145007559108,0.4806931179569611,0.2399213827989497,suggest,0.77913845,c_2714
c_0203,Traveler & Leisure,0.571413423684264,0.5009163749455486,0.07049704873871532,suggest_with_caution,0.8350627,c_1049
c_0204,Homeowner,0.9956642197074066,0.7313172993127071,0.26434692039469954,suggest,0.74121267,c_0367
c_0205,Small Business & B2B,0.7800498500915647,0.34082216920928887,0.4392276808822758,suggest,0.74372166,c_0743
c_0206,Traveler & Leisure,0.8965289869669313,0.4570182973925288,0.4395106895744025,suggest,0.7298906,c_1404
c_0207,Traveler & Leisure,0.9397502172179807,0.6164254125758939,0.3233248046420868,suggest,0.6258417,c_1203
c_0208,Small Business & B2B,0.6168930809336239,0.4448669805844445,0.17202610034917942,suggest,0.7811892,c_2870
c_0209,Tech Enthusiast,0.9979209592294273,0.6976437265475519,0.30027723268187534,suggest,0.8861064,c_2313
c_0210,Student & Learner,0.7214706861009764,0.1921458372995185,0.5293248488014579,suggest,0.80082136,c_1998
c_0211,Health & Wellness Seeker,0.9890929620384761,0.07053179467575382,0.9185611673627223,suggest,0.81030124,c_0751
c_0212,Homeowner,0.6742535829564436,0.580516185171484,0.0937373977849596,suggest_with_caution,0.707979,c_1404
c_0213,Homeowner,0.33763233146038374,0.3209018574056421,0.01673047405474165,abstain,0.74450696,c_2164
c_0214,Traveler & Leisure,0.807338475497714,0.4364999686606676,0.3708385068370464,suggest,0.71198785,c_1268
c_0215,Small Business & B2B,0.6414869975824377,0.5107525176034136,0.1307344799790241,suggest,0.9263415,c_2470
c_0216,Traveler & Leisure,0.4568967027296109,0.28066711244730785,0.17622959028230306,suggest_with_caution,0.8435289,c_2865
c_0218,Small Business & B2B,0.4333919881153996,0.35059021290021963,0.08280177521517995,abstain,0.7469395,c_2714
c_0219,Student & Learner,0.8333931219839903,0.6716830330668915,0.16171008891709882,suggest,0.742545,c_0020
c_0220,Health & Wellness Seeker,0.9219590080795399,0.17860315732202645,0.7433558507575134,suggest,0.6890002,c_2542
c_0221,Health & Wellness Seeker,0.9954607105914074,0.06638756434392423,0.9290731462474832,suggest,0.77833456,c_2075
c_0222,Health & Wellness Seeker,0.4848518621526396,0.20019153773374807,0.28466032441889155,suggest_with_caution,0.72020715,c_1579
c_0223,Tech Enthusiast,0.9560090764584092,0.6060296971071913,0.3499793793512178,suggest,0.7525242,c_2575
c_0224,Small Business & B2B,0.7926194722803271,0.4377576538136926,0.35486181846663456,suggest,0.7249484,c_1983
c_0226,Tech Enthusiast,0.9825533856808312,0.13043503661876252,0.8521183490620686,suggest,0.72135746,c_0050
c_0227,Small Business & B2B,0.814172993537599,0.21056189143233345,0.6036111021052655,suggest,0.6881188,c_1266
c_0228,Traveler & Leisure,0.931268468069268,0.08103296650961976,0.8502355015596482,suggest,0.80804896,c_2865
c_0230,Homeowner,0.7589245510200654,0.6982431703108433,0.06068138070922213,suggest_with_caution,0.74012345,c_0524
c_0231,Homeowner,0.9539496292749745,0.2298623200895609,0.7240873091854136,suggest,0.84014535,c_1250
c_0234,Traveler & Leisure,0.8145758170367369,0.13648032206461133,0.6780954949721255,suggest,0.5813521,c_0059
c_0235,Health & Wellness Seeker,0.9108251530651941,0.07514446487726949,0.8356806881879246,suggest,0.7645236,c_0705
c_0236,Retiree & Senior,0.9955150275156543,0.3095830107079674,0.685932016807687,suggest,0.8543422,c_1639
c_0237,Tech Enthusiast,0.9387126840875277,0.3741324133684141,0.5645802707191137,suggest,0.7623309,c_0359
c_0240,Student & Learner,0.8878002739110095,0.15084470943594958,0.7369555644750598,suggest,0.9382504,c_2164
c_0241,Health & Wellness Seeker,0.8921228612547542,0.1844181632460356,0.7077046980087185,suggest,0.6875745,c_0518
c_0242,Small Business & B2B,0.38309493622354607,0.3736822656610934,0.009412670562452652,abstain,0.7901168,c_0731
c_0244,Tech Enthusiast,0.7673118909517235,0.434366914467392,0.33294497648433147,suggest,0.7470489,c_0473
c_0245,Health & Wellness Seeker,0.9670630459615372,0.8652969813764628,0.10176606458507442,suggest,0.74398905,c_0621
c_0246,Student & Learner,0.3145102018107826,0.3116162466307538,0.0028939551800287733,abstain,0.75766224,c_2630
c_0247,Traveler & Leisure,0.2758399071843703,0.25081052472301024,0.02502938246136005,abstain,0.7332345,c_2823
c_0248,Traveler & Leisure,0.6339626346357362,0.2725601526233248,0.36140248201241143,suggest,0.72820026,c_0573
c_0249,Small Business & B2B,0.9818849752401417,0.14035431795607559,0.8415306572840662,suggest,0.7140288,c_1377
c_0250,Health & Wellness Seeker,0.7843643038091023,0.3172439773819021,0.4671203264272002,suggest,0.7819575,c_2327
c_0251,Student & Learner,0.9603058233141792,0.09587686588370702,0.8644289574304722,suggest,0.68930054,c_2205
c_0252,Tech Enthusiast,0.5720101449730003,0.4601315991301605,0.1118785458428398,suggest_with_caution,0.7126976,c_1785
c_0253,Student & Learner,0.8015541427252622,0.5205451517055177,0.2810089910197444,suggest,0.7859854,c_2630
c_0254,Traveler & Leisure,0.9174099970334355,0.8974762645492134,0.019933732484222144,suggest_with_caution,0.6633273,c_0467
c_0255,Homeowner,0.6634845058535781,0.26956978124200487,0.39391472461157323,suggest,0.64835924,c_1241
c_0257,Health & Wellness Seeker,0.9559861102724527,0.10062266052806179,0.8553634497443909,suggest,0.78690404,c_1273
c_0258,Student & Learner,0.9209852036944974,0.7495718366810551,0.17141336701344234,suggest,0.7859784,c_1166
c_0259,Tech Enthusiast,0.7119547947444335,0.30782222782769114,0.4041325669167423,suggest,0.78982615,c_1883
c_0260,Traveler & Leisure,0.7834061948190242,0.16797245051938148,0.6154337442996427,suggest,0.80022436,c_2865
c_0261,Small Business & B2B,0.4416860387493365,0.4231999271724436,0.018486111576892894,abstain,0.7199258,c_0310
c_0263,Homeowner,0.2754228213989214,0.1672541072985262,0.10816871410039519,abstain,0.7198499,c_2040
c_0264,Homeowner,0.28036761746167926,0.24249311040867877,0.037874507053000495,abstain,0.71754044,c_1892
c_0268,Traveler & Leisure,0.767028201290108,0.3838417096017363,0.38318649168837166,suggest,0.89207774,c_0323
c_0269,Student & Learner,0.310153942079503,0.20981388696394837,0.1003400551155546,abstain,0.7172972,c_0000
c_0270,Traveler & Leisure,0.944216998983428,0.1373993053275507,0.8068176936558773,suggest,0.75313044,c_1404
c_0272,Traveler & Leisure,0.9962299087650852,0.2394216547946365,0.7568082539704487,suggest,0.7014835,c_2266
c_0273,Traveler & Leisure,0.732778820226593,0.39628656866599815,0.33649225156059487,suggest,0.72694886,c_2437
c_0275,Small Business & B2B,0.8248232311847623,0.6192762406078755,0.20554699057688686,suggest,0.7685214,c_2802
c_0276,Homeowner,0.31670539959451505,0.2723303828565096,0.044375016738005424,abstain,0.78866386,c_2054
c_0277,Traveler & Leisure,0.8853913629690626,0.6260827353284376,0.259308627640625,suggest,0.6553045,c_2438
c_0278,Traveler & Leisure,0.8868946685779907,0.199348736359043,0.6875459322189477,suggest,0.75786287,c_0679
c_0280,Student & Learner,0.9293282313131155,0.114036134515232,0.8152920967978835,suggest,0.76898706,c_1611
c_0281,Student & Learner,0.9669921442515511,0.5728008838287266,0.3941912604228245,suggest,0.8327921,c_1998
c_0283,Traveler & Leisure,0.826211820232181,0.2615764255982609,0.5646353946339201,suggest,0.70861804,c_0367
c_0284,Traveler & Leisure,0.40480729635769264,0.361657318092986,0.04314997826470662,abstain,0.71168995,c_1404
c_0285,Small Business & B2B,0.6537847329175787,0.5155874008799674,0.1381973320376113,suggest,0.9043814,c_0735
c_0286,Homeowner,0.8367472351951967,0.34328368156132516,0.4934635536338715,suggest,0.9489483,c_1065
c_0287,Student & Learner,0.23046055013744196,0.16235401272142697,0.068106537416015,abstain,0.7475674,c_1848
c_0288,Tech Enthusiast,0.9167421804963263,0.26139132219638256,0.6553508582999437,suggest,0.8341154,c_2006
c_0290,Traveler & Leisure,0.9123948421973866,0.22615021658138312,0.6862446256160035,suggest,0.58763564,c_2772
c_0291,Traveler & Leisure,0.9892459196426755,0.10188126594138361,0.8873646537012919,suggest,0.9020658,c_1522
c_0292,Traveler & Leisure,0.9080231288535983,0.14044650280258789,0.7675766260510104,suggest,0.7389641,c_1555
c_0293,Homeowner,0.49011855218765826,0.3400058419739037,0.15011271021375455,suggest_with_caution,0.798986,c_1049
c_0294,Homeowner,0.7984449862715641,0.24917524018133305,0.549269746090231,suggest,0.7786659,c_2865
c_0295,Traveler & Leisure,0.9707572195270776,0.28438821719950824,0.6863690023275694,suggest,0.72747624,c_2823
c_0296,Small Business & B2B,0.742542392664861,0.5554359584938187,0.18710643417104234,suggest,0.7702022,c_1683
c_0297,Traveler & Leisure,0.9960462801255708,0.4087070801434079,0.5873391999821629,suggest,0.667323,c_2363
c_0298,Student & Learner,0.8657560441863916,0.3554351259815516,0.51032091820484,suggest,0.8274274,c_0202
c_0299,Tech Enthusiast,0.9195270398505615,0.24058057697644103,0.6789464628741204,suggest,0.7536028,c_0573
c_0300,Homeowner,0.9490083613552278,0.2893058764629374,0.6597024848922904,suggest,0.957265,c_2876
c_0301,Student & Learner,0.9984061138108219,0.05503019866551533,0.9433759151453066,suggest,0.7917199,c_1998
c_0302,Health & Wellness Seeker,0.6782542749324213,0.5535111962401695,0.12474307869225176,suggest,0.7820492,c_1848
c_0303,Health & Wellness Seeker,0.9537067642985314,0.43044230937703887,0.5232644549214925,suggest,0.8078005,c_0453
c_0304,Tech Enthusiast,0.8522326358768301,0.37501439629223515,0.4772182395845949,suggest,0.83806515,c_1072
c_0305,Traveler & Leisure,0.616737112315459,0.16742276495194608,0.44931434736351294,suggest,0.64206666,c_1878
c_0306,Parent & Family,0.983721996908005,0.3677075760244784,0.6160144208835265,suggest,0.92735976,c_1066
c_0307,Small Business & B2B,0.7432889669312915,0.2646477949393201,0.4786411719919714,suggest,0.9705975,c_1535
c_0308,Parent & Family,0.9854830187317165,0.28746779718567095,0.6980152215460456,suggest,0.9383419,c_2587
c_0309,Tech Enthusiast,0.3637223448081028,0.22850593355989043,0.13521641124821235,abstain,0.81349427,c_1267
c_0311,Tech Enthusiast,0.45692760822921996,0.42311794643995204,0.03380966178926792,suggest_with_caution,0.76043946,c_1967
c_0313,Student & Learner,0.5254169198984816,0.1613817702737994,0.3640351496246822,suggest_with_caution,0.7918543,c_1122
c_0314,Tech Enthusiast,0.9727090258996159,0.13139946462480837,0.8413095612748076,suggest,0.7728912,c_2107
c_0315,Health & Wellness Seeker,0.36690994464292975,0.3333344133862785,0.03357553125665125,abstain,0.7830142,c_1967
c_0316,Traveler & Leisure,0.9150756519864347,0.08127176163643007,0.8338038903500047,suggest,0.9261486,c_2729
c_0317,Health & Wellness Seeker,0.4826254152992249,0.39616606929124165,0.08645934600798327,suggest_with_caution,0.81283396,c_1573
c_0320,Traveler & Leisure,0.9889885606080928,0.3473477300670402,0.6416408305410526,suggest,0.91041636,c_0541
c_0321,Traveler & Leisure,0.5603581561743017,0.18511839986756717,0.37523975630673456,suggest_with_caution,0.77289474,c_2418
c_0322,Health & Wellness Seeker,0.9898589603579965,0.15253718759154936,0.8373217727664471,suggest,0.69709426,c_2727
c_0324,Homeowner,0.9095864252433086,0.5485613270515699,0.36102509819173867,suggest,0.71285087,c_0384
c_0325,Traveler & Leisure,0.6398269547563191,0.20013893141738026,0.43968802333893886,suggest,0.7404528,c_1404
c_0326,Tech Enthusiast,0.9482199616345562,0.15327293640290254,0.7949470252316537,suggest,0.80128384,c_0359
c_0328,Traveler & Leisure,0.7315217842335413,0.4583279012066879,0.2731938830268534,suggest,0.7367882,c_2006
c_0329,Tech Enthusiast,0.9903552644678422,0.11030662566678255,0.8800486388010597,suggest,0.7368979,c_1128
c_0331,Health & Wellness Seeker,0.9611028401320046,0.2488055389806303,0.7122973011513744,suggest,0.8215229,c_2630
c_0332,Homeowner,0.9482488959212563,0.2678393596562499,0.6804095362650064,suggest,0.8425736,c_1250
c_0333,Homeowner,0.4960699615095124,0.3508830749830071,0.1451868865265053,suggest_with_caution,0.72997236,c_0367
c_0335,Small Business & B2B,0.9253185493554498,0.7174756060739408,0.20784294328150899,suggest,0.99999976,c_2781
c_0336,Traveler & Leisure,0.8922738844083442,0.5022162514747635,0.39005763293358076,suggest,0.6956689,c_2313
c_0337,Traveler & Leisure,0.8568716845232287,0.1692563652333231,0.6876153192899056,suggest,0.90729505,c_2120
c_0338,Homeowner,0.984690506337918,0.2309086782745157,0.7537818280634023,suggest,0.785852,c_1319
c_0339,Traveler & Leisure,0.9282632792244324,0.22560119978540097,0.7026620794390315,suggest,0.6663709,c_2654
c_0340,Health & Wellness Seeker,0.9414858668607206,0.11696588429482209,0.8245199825658984,suggest,0.7857432,c_1848
c_0341,Traveler & Leisure,0.8872377763914117,0.11891197479571793,0.7683258015956937,suggest,0.77678335,c_1907
c_0342,Health & Wellness Seeker,0.8911201803689538,0.2217970693474986,0.6693231110214553,suggest,0.79095906,c_1404
c_0343,Tech Enthusiast,0.6066577166868624,0.1482867231681723,0.45837099351869015,suggest,0.78605336,c_2243
c_0344,Tech Enthusiast,0.9888804111917858,0.09758168954813365,0.8912987216436522,suggest,0.78068,c_1061
c_0347,Homeowner,0.8469609776550574,0.4832188571666481,0.3637421204884093,suggest,0.79085886,c_0367
c_0348,Tech Enthusiast,0.652351829853859,0.6242756183374285,0.02807621151643047,suggest_with_caution,0.67582947,c_2164
c_0349,Traveler & Leisure,0.8871689163302605,0.48608863575470956,0.40108028057555095,suggest,0.7256422,c_0559
c_0350,Homeowner,0.8047483817106734,0.2794396382358748,0.5253087434747986,suggest,0.76464814,c_1166
c_0351,Traveler & Leisure,0.6972528086383596,0.5610952115562267,0.13615759708213293,suggest,0.8140433,c_1053
c_0353,Tech Enthusiast,0.645443531791758,0.26090881209799044,0.3845347196937675,suggest,0.8980116,c_2005
c_0354,Student & Learner,0.686344470613717,0.2658802708890504,0.42046419972466653,suggest,0.7086247,c_0282
c_0355,Tech Enthusiast,0.9837103698159887,0.32617262636408445,0.6575377434519043,suggest,0.90218616,c_0016
c_0356,Health & Wellness Seeker,0.9373433583189629,0.22025476543989705,0.7170885928790658,suggest,0.82372683,c_2865
c_0358,Traveler & Leisure,0.5115226697069086,0.14988106354666877,0.3616416061602399,suggest_with_caution,0.8660201,c_1053
c_0360,Small Business & B2B,0.9460459943121092,0.25431918380538254,0.6917268105067267,suggest,0.7826206,c_1122
c_0361,Health & Wellness Seeker,0.9809432980174956,0.19364734217660617,0.7872959558408894,suggest,0.8858476,c_2808
c_0362,Small Business & B2B,0.7789476682908151,0.580876569576784,0.19807109871403106,suggest,0.74168956,c_2802
c_0364,Small Business & B2B,0.9764119745703517,0.134885058331378,0.8415269162389737,suggest,0.69539416,c_0863
c_0365,Traveler & Leisure,0.47889429257641397,0.1848111465961613,0.29408314598025265,suggest_with_caution,0.84144926,c_2865
c_0366,Homeowner,0.8928252986209211,0.2804966751869902,0.6123286234339309,suggest,0.7754195,c_1065
c_0368,Retiree & Senior,0.7135300394630198,0.31614229787619347,0.3973877415868264,suggest,0.7763446,c_0473
c_0369,Small Business & B2B,0.78853104589654,0.20125995706493968,0.5872710888316003,suggest,0.7417511,c_1967
c_0370,Tech Enthusiast,0.9354676368422913,0.24150773592366417,0.6939599009186271,suggest,0.6702111,c_0359
c_0372,Traveler & Leisure,0.6242739287460228,0.5342713632419938,0.09000256550402908,suggest_with_caution,0.77390414,c_1122
c_0373,Homeowner,0.784548346145506,0.47673152644177197,0.307816819703734,suggest,0.7582463,c_0499
c_0374,Parent & Family,0.5818049237931819,0.41505615696547066,0.16674876682771128,suggest_with_caution,0.78058964,c_2286
c_0375,Traveler & Leisure,0.8594616610253907,0.14203585010226194,0.7174258109231287,suggest,0.8002362,c_2823
c_0376,Traveler & Leisure,0.7528206210917403,0.2851903135489102,0.4676303075428301,suggest,0.8180417,c_2287
c_0378,Tech Enthusiast,0.7659213955204925,0.3832251834745857,0.38269621204590687,suggest,0.7604011,c_1049
c_0379,Student & Learner,0.7999714529892756,0.2895034878359923,0.5104679651532833,suggest,0.7638549,c_2208
c_0380,Health & Wellness Seeker,0.9693058015893621,0.15312273171674726,0.8161830698726148,suggest,0.7610734,c_1994
c_0381,Health & Wellness Seeker,0.3721229417880657,0.2838544492173947,0.08826849257067099,abstain,0.69854534,c_0751
c_0382,Homeowner,0.5404247119335239,0.45259624218135175,0.08782846975217218,suggest_with_caution,0.67827284,c_1065
c_0385,Tech Enthusiast,0.43533677176651003,0.14534155089845144,0.2899952208680586,abstain,0.6906831,c_1883
c_0387,Health & Wellness Seeker,0.9253397830298228,0.38112529876513174,0.544214484264691,suggest,0.8364961,c_0735
c_0388,Health & Wellness Seeker,0.8570683345966623,0.16895672231071565,0.6881116122859466,suggest,0.8740309,c_0751
c_0389,Retiree & Senior,0.9165156315519758,0.38484653228904736,0.5316690992629285,suggest,0.754578,c_2232
c_0392,Health & Wellness Seeker,0.9708403771534119,0.2576270397364328,0.7132133374169791,suggest,0.75135964,c_0621
c_0393,Homeowner,0.7222335661531566,0.4983823561123622,0.2238512100407944,suggest,0.73485327,c_2364
c_0394,Traveler & Leisure,0.9847971158359334,0.20174815240387023,0.7830489634320632,suggest,0.6681058,c_2549
c_0395,Student & Learner,0.7668880853135612,0.3792941226576582,0.387593962655903,suggest,0.79862046,c_0938
c_0396,Health & Wellness Seeker,0.8608443912298153,0.18264196678016412,0.6782024244496512,suggest,0.91645986,c_0521
c_0397,Student & Learner,0.9906349673361969,0.05322195235769507,0.9374130149785018,suggest,0.8404834,c_2398
c_0399,Traveler & Leisure,0.9017750446293434,0.07107734388456174,0.8306977007447817,suggest,0.8262717,c_2672
c_0402,Traveler & Leisure,0.9893633357883855,0.07799296902072264,0.9113703667676629,suggest,0.6546892,c_1110
c_0403,Student & Learner,0.8837364791889053,0.34350352987287125,0.540232949316034,suggest,0.8204461,c_1998
c_0404,Student & Learner,0.5071288041294527,0.44166351850983876,0.06546528561961396,suggest_with_caution,0.69998515,c_0840
c_0405,Health & Wellness Seeker,0.9349954327554011,0.23164061807051714,0.7033548146848839,suggest,0.6988453,c_0384
c_0406,Small Business & B2B,0.9281756042681489,0.3441521796517515,0.5840234246163974,suggest,0.92626035,c_1071
c_0407,Traveler & Leisure,0.5911392247119963,0.10503963892663462,0.4860995857853617,suggest_with_caution,0.81215787,c_2823
c_0408,Small Business & B2B,0.929322521104682,0.15924693901764922,0.7700755820870329,suggest,0.88636535,c_0004
c_0409,Homeowner,0.8696649156747865,0.8221738575806206,0.04749105809416598,suggest_with_caution,0.7510539,c_1166
c_0410,Retiree & Senior,0.7205275949949317,0.6212191410262806,0.09930845396865107,suggest_with_caution,0.7251359,c_1670
c_0411,Traveler & Leisure,0.8937277728902472,0.8345696773892191,0.05915809550102813,suggest_with_caution,0.70854855,c_1470
c_0412,Student & Learner,0.9983406434870779,0.14224484794155481,0.8560957955455231,suggest,0.92431355,c_0232
c_0413,Student & Learner,0.915415989793518,0.6389525435000077,0.2764634462935103,suggest,0.80286485,c_0873
c_0414,Small Business & B2B,0.9348770759796452,0.22409728674842477,0.7107797892312204,suggest,0.8855597,c_0004
c_0415,Health & Wellness Seeker,0.6971102821508282,0.5113923861239887,0.1857178960268394,suggest,0.69394803,c_1514
c_0416,Traveler & Leisure,0.9868916963475076,0.33868924374603354,0.648202452601474,suggest,0.7392401,c_0327
c_0417,Traveler & Leisure,0.755284438366302,0.06228446808071575,0.6929999702855862,suggest,0.6442913,c_1523
c_0418,Traveler & Leisure,0.8264978241318618,0.20248569145564713,0.6240121326762147,suggest,0.7305536,c_1404
c_0419,Traveler & Leisure,0.887848742533609,0.19617339859259314,0.6916753439410159,suggest,0.7177519,c_1404
c_0420,Health & Wellness Seeker,0.9405193596393175,0.38283721924043373,0.5576821403988839,suggest,0.75396377,c_2613
c_0421,Homeowner,0.5074874479501565,0.21163140691162788,0.2958560410385287,suggest_with_caution,0.78732854,c_1065
c_0422,Health & Wellness Seeker,0.8691797667844909,0.3389130352192635,0.5302667315652274,suggest,0.5465099,c_1072
c_0423,Retiree & Senior,0.5841303193448228,0.2917200940944045,0.2924102252504183,suggest_with_caution,0.8500789,c_2714
c_0424,Small Business & B2B,0.22327314839600929,0.12227333321572079,0.1009998151802885,abstain,0.70796084,c_2714
c_0425,Traveler & Leisure,0.573945214459569,0.3120592108884787,0.2618860035710903,suggest_with_caution,0.96449935,c_0100
c_0426,Retiree & Senior,0.5193921481074205,0.48598773537794254,0.03340441272947797,suggest_with_caution,0.7563038,c_0567
c_0427,Traveler & Leisure,0.79210682705293,0.25539000796570793,0.536716819087222,suggest,0.8017548,c_2865
c_0428,Small Business & B2B,0.9633469349642934,0.7223622496442474,0.2409846853200459,suggest,0.7601089,c_1991
c_0430,Small Business & B2B,0.5588527054448147,0.28892041256248124,0.26993229288233345,suggest_with_caution,0.83100456,c_0473
c_0431,Small Business & B2B,0.4205714240623959,0.37051264398846645,0.05005878007392944,abstain,0.7748376,c_1329
c_0432,Small Business & B2B,0.9640637572933591,0.08414623483313985,0.8799175224602193,suggest,0.7718375,c_1902
c_0433,Health & Wellness Seeker,0.743805317305453,0.10626246215463617,0.6375428551508168,suggest,0.76227623,c_0773
c_0434,Tech Enthusiast,0.7716194381654827,0.1582543807624684,0.6133650574030143,suggest,0.73192203,c_1404
c_0435,Traveler & Leisure,0.8255374444563409,0.3208561758136558,0.5046812686426851,suggest,0.5552171,c_1404
c_0436,Small Business & B2B,0.9740181256765477,0.26582809765538035,0.7081900280211673,suggest,0.81389207,c_2061
c_0437,Traveler & Leisure,0.9239438335090908,0.20956172912238222,0.7143821043867086,suggest,0.6665753,c_0874
c_0438,Homeowner,0.9867001797146702,0.1258526904999865,0.8608474892146837,suggest,0.86497205,c_0383
c_0439,Tech Enthusiast,0.855701007935704,0.28286448418178717,0.5728365237539168,suggest,0.704342,c_0573
c_0440,Small Business & B2B,0.6980462285186938,0.4793750242403815,0.21867120427831233,suggest,0.6974939,c_1122
c_0441,Small Business & B2B,0.6196601736148166,0.5708165460525033,0.04884362756231331,suggest_with_caution,0.76197386,c_1122
c_0442,Health & Wellness Seeker,0.5329847500909335,0.3522438739346015,0.180740876156332,suggest_with_caution,0.76299614,c_2091
c_0445,Small Business & B2B,0.9914325184970642,0.1950904768239953,0.7963420416730689,suggest,0.8472264,c_0907
c_0446,Traveler & Leisure,0.6434238392809525,0.39988941636630826,0.24353442291464422,suggest,0.62801725,c_2603
c_0447,Traveler & Leisure,0.7521866037171088,0.20380808204559592,0.5483785216715129,suggest,0.65636724,c_2437
c_0448,Traveler & Leisure,0.951233083817308,0.13973503180124733,0.8114980520160606,suggest,0.7018352,c_2823
c_0449,Traveler & Leisure,0.583033531076627,0.29476146576557505,0.288272065311052,suggest_with_caution,0.77183884,c_2039
c_0450,Parent & Family,0.8702862893904959,0.5090400593503648,0.3612462300401311,suggest,0.90545386,c_1173
c_0451,Tech Enthusiast,0.25304252453532045,0.21835445013249774,0.034688074402822705,abstain,0.7834442,c_1122
c_0452,Traveler & Leisure,0.9700056566124553,0.9210209377076846,0.04898471890477074,suggest_with_caution,0.638754,c_1885
c_0454,Traveler & Leisure,0.5198530743675461,0.3993498219741229,0.12050325239342324,suggest_with_caution,0.7406203,c_1065
c_0456,Small Business & B2B,0.8450008714306513,0.5908088339765725,0.2541920374540788,suggest,0.74706554,c_1998
c_0459,Traveler & Leisure,0.4740202414120527,0.1449093407673933,0.32911090064465937,suggest_with_caution,0.7733718,c_2865
c_0460,Tech Enthusiast,0.44086331726597483,0.17392484743576866,0.2669384698302062,abstain,0.69346935,c_1040
c_0461,Traveler & Leisure,0.5970879080160746,0.41722182634347793,0.17986608167259666,suggest_with_caution,0.7276774,c_2164
c_0462,Traveler & Leisure,0.24948915461892873,0.1346324348718898,0.11485671974703893,abstain,0.627851,c_2793
c_0463,Health & Wellness Seeker,0.9385869998337025,0.7817193987458888,0.15686760108781372,suggest,0.79073256,c_1612
c_0464,Health & Wellness Seeker,0.9571878322705057,0.3571024581896603,0.6000853740808454,suggest,0.80059564,c_0839
c_0466,Student & Learner,0.4131054074107219,0.3592134692098941,0.05389193820082777,abstain,0.81614935,c_0000
c_0468,Health & Wellness Seeker,0.8870422963490178,0.20518388485543296,0.6818584114935848,suggest,0.7519191,c_0334
c_0470,Small Business & B2B,0.8516273739145062,0.24133763035533268,0.6102897435591734,suggest,0.836912,c_1055
c_0474,Traveler & Leisure,0.682221897556313,0.36308237801280574,0.3191395195435073,suggest,0.672887,c_0473
c_0475,Traveler & Leisure,0.7884768799005852,0.5357198546513207,0.2527570252492646,suggest,0.763601,c_1049
c_0477,Traveler & Leisure,0.886718069287589,0.49350775399234015,0.39321031529524886,suggest,0.5900497,c_1341
c_0478,Tech Enthusiast,0.9682117899211188,0.20324083918296315,0.7649709507381557,suggest,0.78853977,c_0013
c_0479,Student & Learner,0.18927497475038363,0.18447100134952304,0.004803973400860584,abstain,0.6252179,c_1611
c_0480,Health & Wellness Seeker,0.7737376254111139,0.3693147970121871,0.4044228283989268,suggest,0.6246022,c_1883
c_0481,Small Business & B2B,0.3094393986048564,0.26380064662854297,0.04563875197631345,abstain,0.8214157,c_1892
c_0482,Homeowner,0.7390150218182022,0.20217432998466728,0.5368406918335349,suggest,0.8061258,c_1994
c_0483,Health & Wellness Seeker,0.6357311124417893,0.3463351910074701,0.28939592143431914,suggest,0.7881742,c_0731
c_0484,Student & Learner,0.40756980308727414,0.29643775221330554,0.1111320508739686,abstain,0.7305353,c_0651
c_0485,Tech Enthusiast,0.9831085703290094,0.28626608015788524,0.6968424901711242,suggest,0.91729087,c_0429
c_0486,Student & Learner,0.9337137581958734,0.30940240551822246,0.6243113526776509,suggest,0.9497132,c_2630
c_0488,Small Business & B2B,0.9173405459538152,0.11147616490781477,0.8058643810460004,suggest,0.8287454,c_1122
c_0489,Traveler & Leisure,0.43878521558107947,0.10278480856626766,0.3360004070148118,abstain,0.6838631,c_0840
c_0490,Small Business & B2B,0.8413962057090527,0.20069035938935711,0.6407058463196956,suggest,0.83068216,c_0907
c_0492,Health & Wellness Seeker,0.8479392044902998,0.19172536485671327,0.6562138396335866,suggest,0.7632502,c_2327
c_0493,Traveler & Leisure,0.7852694894474358,0.3948665054605477,0.3904029839868881,suggest,0.6751533,c_1706
c_0496,Traveler & Leisure,0.5081095802119344,0.21213216074213706,0.2959774194697974,suggest_with_caution,0.7325507,c_1994
c_0497,Retiree & Senior,0.5073293689927124,0.20270737630647764,0.3046219926862348,suggest_with_caution,0.7253366,c_2714
c_0498,Traveler & Leisure,0.9964648068894764,0.11251080817952669,0.8839539987099496,suggest,0.70367706,c_0961
c_0500,Traveler & Leisure,0.6089138761878983,0.2814253839142547,0.32748849227364357,suggest,0.7343818,c_2801
c_0501,Small Business & B2B,0.9612101721423697,0.11417060708909967,0.84703956505327,suggest,0.81775755,c_1122
c_0502,Health & Wellness Seeker,0.3114100743223102,0.27841387590638944,0.032996198415920774,abstain,0.6554537,c_2542
c_0503,Tech Enthusiast,0.6659663989311105,0.6203225107074964,0.04564388822361409,suggest_with_caution,0.73471147,c_0904
c_0504,Health & Wellness Seeker,0.7697361581259331,0.1678025830580006,0.6019335750679324,suggest,0.9297852,c_0521
c_0505,Traveler & Leisure,0.9218416013829942,0.3974971539083726,0.5243444474746216,suggest,0.7137865,c_2865
c_0506,Traveler & Leisure,0.9391107680843456,0.12222528638570981,0.8168854816986357,suggest,0.7030281,c_2826
c_0508,Traveler & Leisure,0.27030747565037566,0.2604159183878659,0.009891557262509787,abstain,0.73747426,c_0913
c_0509,Health & Wellness Seeker,0.3162830776139248,0.2080041539846778,0.10827892362924701,abstain,0.81490564,c_1994
c_0510,Traveler & Leisure,0.5949899734969385,0.20758136334924523,0.38740861014769323,suggest_with_caution,0.6823851,c_0013
c_0512,Traveler & Leisure,0.9536043364670347,0.08977484309210267,0.863829493374932,suggest,0.73092043,c_0401
c_0513,Traveler & Leisure,0.702934120146319,0.38278492871218417,0.3201491914341348,suggest,0.7771869,c_1203
c_0514,Small Business & B2B,0.8937970535973799,0.19490735551437238,0.6988896980830075,suggest,0.73464024,c_1902
c_0515,Traveler & Leisure,0.827348416577129,0.4423480142186845,0.38500040235844446,suggest,0.75646937,c_1122
c_0517,Small Business & B2B,0.5593165616222946,0.4040468681965629,0.15526969342573171,suggest_with_caution,0.7483073,c_0327
c_0519,Tech Enthusiast,0.6099065435839648,0.4709045076498185,0.13900203593414628,suggest,0.6166987,c_1402
c_0520,Student & Learner,0.9803287994928752,0.11276108806509286,0.8675677114277823,suggest,0.7378912,c_1205
c_0522,Homeowner,0.5736966758634602,0.46752011374627445,0.10617656211718574,suggest_with_caution,0.67087775,c_1983
c_0523,Traveler & Leisure,0.8656881388873334,0.22720354669852832,0.6384845921888052,suggest,0.66964996,c_0840
c_0526,Health & Wellness Seeker,0.7440374636990934,0.33971973230364216,0.40431773139545124,suggest,0.73362565,c_2061
c_0527,Traveler & Leisure,0.9820076128324594,0.25391795098482095,0.7280896618476385,suggest,0.8699425,c_1522
c_0528,Health & Wellness Seeker,0.7292422993520926,0.12593804621442042,0.6033042531376722,suggest,0.81471336,c_0444
c_0529,Traveler & Leisure,0.9659880780102389,0.29234719230888756,0.6736408857013514,suggest,0.6720035,c_0825
c_0530,Health & Wellness Seeker,0.9364085748724427,0.11770807275661985,0.8187005021158228,suggest,0.6435365,c_0901
c_0532,Traveler & Leisure,0.935341826341514,0.19408733691165006,0.7412544894298639,suggest,0.84186,c_1706
c_0533,Tech Enthusiast,0.40812665149168054,0.34051785191510986,0.06760879957657068,abstain,0.95778835,c_0233
c_0534,Small Business & B2B,0.8561082225204744,0.35392686029204434,0.50218136222843,suggest,0.7154048,c_0659
c_0536,Tech Enthusiast,0.9767945978663002,0.40498174508609314,0.5718128527802071,suggest,0.7624197,c_0346
c_0537,Student & Learner,0.6222622543932123,0.2538131751984391,0.36844907919477315,suggest,0.6852055,c_2781
c_0538,Small Business & B2B,0.987982717690339,0.19733581930914598,0.790646898381193,suggest,0.6646217,c_1902
c_0539,Homeowner,0.3818359825577443,0.3421969415118471,0.039639041045897216,abstain,0.72520864,c_0367
c_0540,Traveler & Leisure,0.7461308085291427,0.2444761915593165,0.5016546169698262,suggest,0.7262295,c_2865
c_0542,Traveler & Leisure,0.9166747642095627,0.07194593104561572,0.844728833163947,suggest,0.76796854,c_0979
c_0544,Student & Learner,0.9894682509061814,0.17289344325817593,0.8165748076480055,suggest,0.7914424,c_1998
c_0545,Homeowner,0.9243606014851826,0.5808728024550397,0.3434877990301429,suggest,0.69849914,c_1387
c_0546,Tech Enthusiast,0.5440242761054263,0.3930652087652751,0.15095906734015113,suggest_with_caution,0.7507924,c_2243
c_0547,Health & Wellness Seeker,0.3475768727856852,0.274620538553447,0.07295633423223824,abstain,0.6377396,c_2305
c_0548,Traveler & Leisure,0.9636828948646953,0.14086017192320155,0.8228227229414937,suggest,0.9288114,c_1842
c_0549,Homeowner,0.7805103483852452,0.2248578484884229,0.5556524998968223,suggest,0.77525336,c_1065
c_0550,Homeowner,0.47190829660996947,0.13703152023195175,0.3348767763780177,suggest_with_caution,0.59569865,c_1128
c_0551,Health & Wellness Seeker,0.6896649265377557,0.3088398415531166,0.3808250849846391,suggest,0.79891324,c_2542
c_0552,Homeowner,0.8511513137945668,0.18786635280360203,0.6632849609909648,suggest,0.76457375,c_1266
c_0553,Health & Wellness Seeker,0.8696422702803825,0.35659856394181244,0.5130437063385701,suggest,0.75666,c_1994
c_0554,Homeowner,0.7489961754807535,0.2911892880789792,0.4578068874017743,suggest,0.7229283,c_1250
c_0555,Student & Learner,0.3031966812503542,0.2327522186313483,0.07044446261900592,abstain,0.7612414,c_0825
c_0556,Traveler & Leisure,0.9779198950974547,0.06708211551371886,0.9108377795837358,suggest,0.59788895,c_1072
c_0557,Student & Learner,0.9957947080784026,0.28515909426138203,0.7106356138170207,suggest,0.7730867,c_1205
c_0558,Traveler & Leisure,0.8295572187960256,0.05209123776493692,0.7774659810310887,suggest,0.68894154,c_1907
c_0561,Health & Wellness Seeker,0.9290353055308187,0.0820035506719795,0.8470317548588392,suggest,0.72566116,c_1179
c_0563,Tech Enthusiast,0.8168638084498209,0.28434142248768973,0.5325223859621311,suggest,0.82836246,c_0346
c_0565,Health & Wellness Seeker,0.7238625762713315,0.2860820336954547,0.43778054257587684,suggest,0.78340423,c_1404
c_0566,Health & Wellness Seeker,0.41956855338501886,0.2762682265656351,0.14330032681938376,abstain,0.75734216,c_1065
c_0568,Traveler & Leisure,0.5224999962054883,0.4155184465063448,0.10698154969914347,suggest_with_caution,0.74800646,c_1072
c_0569,Traveler & Leisure,0.3247544226436747,0.27394136317041773,0.05081305947325698,abstain,0.6478658,c_2798
c_0570,Health & Wellness Seeker,0.9549502304546533,0.2337286903531208,0.7212215401015325,suggest,0.7778572,c_1286
c_0572,Small Business & B2B,0.9637094663487535,0.5291609145526267,0.43454855179612684,suggest,0.91220146,c_2170
c_0574,Health & Wellness Seeker,0.9408580765880518,0.32493854622851853,0.6159195303595333,suggest,0.68299,c_2613
c_0575,Homeowner,0.4858235295771997,0.4728421974828118,0.012981332094387898,suggest_with_caution,0.64885986,c_2603
c_0576,Small Business & B2B,0.9583519558117765,0.07140134712963618,0.8869506086821403,suggest,0.932486,c_1800
c_0577,Homeowner,0.6186315818710373,0.5163984376402636,0.10223314423077368,suggest,0.7976535,c_1122
c_0578,Traveler & Leisure,0.6837661562673891,0.2391391534892802,0.44462700277810896,suggest,0.6536513,c_0573
c_0579,Health & Wellness Seeker,0.9039035873592483,0.15427436053619767,0.7496292268230506,suggest,0.8587447,c_1848
c_0580,Traveler & Leisure,0.7854623133395686,0.44156547468815793,0.3438968386514107,suggest,0.9300405,c_0390
c_0581,Traveler & Leisure,0.9742045989693547,0.10180862957096198,0.8723959693983927,suggest,0.78109795,c_0979
c_0582,Student & Learner,0.6197617624947519,0.48944784721239215,0.13031391528235975,suggest,0.75325125,c_2662
c_0583,Tech Enthusiast,0.9513659727275435,0.48737862424858225,0.4639873484789613,suggest,0.7449149,c_1453
c_0584,Traveler & Leisure,0.6517175477889985,0.3091986788571538,0.3425188689318447,suggest,0.6659766,c_0867
c_0585,Traveler & Leisure,0.9722021345331143,0.10828450025378797,0.8639176342793263,suggest,0.71194255,c_1341
c_0586,Retiree & Senior,0.9932493921198837,0.257392943113979,0.7358564490059047,suggest,0.95708394,c_1639
c_0587,Homeowner,0.6059525642053131,0.4749917192381341,0.13096084496717897,suggest,0.85021424,c_2313
c_0589,Traveler & Leisure,0.5437077271166927,0.5054304207444549,0.03827730637223781,suggest_with_caution,0.62372947,c_2772
c_0590,Traveler & Leisure,0.38484647110125775,0.30297015009402484,0.08187632100723291,abstain,0.8436338,c_1159
c_0591,Traveler & Leisure,0.5486369161206596,0.3029545965658514,0.24568231955480818,suggest_with_caution,0.79872274,c_2865
c_0592,Homeowner,0.24835248057571907,0.1889055863532137,0.059446894222505375,abstain,0.83315533,c_1065
c_0593,Health & Wellness Seeker,0.9424843282538254,0.25903869488737036,0.6834456333664551,suggest,0.71655625,c_2776
c_0594,Health & Wellness Seeker,0.5777425973289871,0.2088803322202868,0.36886226510870035,suggest_with_caution,0.6382927,c_1404
c_0595,Traveler & Leisure,0.8791656884326421,0.1442268106352958,0.7349388777973462,suggest,0.5813399,c_1203
c_0596,Traveler & Leisure,0.7248935876460354,0.08320794718549951,0.6416856404605359,suggest,0.76193297,c_0913
c_0597,Traveler & Leisure,0.7383343126373961,0.30478089259312563,0.4335534200442705,suggest,0.67411757,c_2865
c_0598,Parent & Family,0.6677626595304506,0.14723308092574638,0.5205295786047042,suggest,0.6280478,c_0913
c_0599,Health & Wellness Seeker,0.9918625542618169,0.21877757099642664,0.7730849832653903,suggest,0.71165943,c_1883
c_0600,Student & Learner,0.9703703101468769,0.4015042869980424,0.5688660231488345,suggest,0.7484409,c_1470
c_0601,Traveler & Leisure,0.9989443615961018,0.09687849805865512,0.9020658635374467,suggest,0.5873565,c_1049
c_0602,Homeowner,0.9873672590522327,0.2402107320293186,0.747156527022914,suggest,0.7691158,c_1593
c_0603,Health & Wellness Seeker,0.37192840782771075,0.2001904767094004,0.17173793111831034,abstain,0.6391824,c_0752
c_0604,Health & Wellness Seeker,0.42243442507938583,0.3592099296335101,0.06322449544587572,abstain,0.7430021,c_2286
c_0605,Small Business & B2B,0.9678953835532734,0.3541453761205365,0.6137500074327369,suggest,0.7415698,c_2170
c_0606,Homeowner,0.9223544426969126,0.4763965717546528,0.4459578709422598,suggest,0.6763221,c_1931
c_0607,Traveler & Leisure,0.9053132110484168,0.0606321019059345,0.8446811091424823,suggest,0.7692571,c_0979
c_0608,Traveler & Leisure,0.7101605222539432,0.4429730864453663,0.2671874358085769,suggest,0.77577263,c_2823
c_0609,Parent & Family,0.8243167144229521,0.3204054591995867,0.5039112552233653,suggest,0.6873096,c_2286
c_0610,Traveler & Leisure,0.5576867232783513,0.4899716919346139,0.06771503134373746,suggest_with_caution,0.6692488,c_0327
c_0611,Traveler & Leisure,0.9752848262780752,0.09774336590907502,0.8775414603690002,suggest,0.76768064,c_0327
c_0612,Student & Learner,0.41891685248237676,0.3096054979627747,0.10931135451960206,abstain,0.7624628,c_2781
c_0613,Homeowner,0.9113511071752278,0.31449372430557543,0.5968573828696524,suggest,0.9128183,c_2391
c_0614,Health & Wellness Seeker,0.8699945311647678,0.28741481418007697,0.5825797169846908,suggest,0.847232,c_0751
c_0615,Tech Enthusiast,0.5080291464471107,0.1742211161527668,0.3338080302943439,suggest_with_caution,0.7526075,c_2366
c_0616,Health & Wellness Seeker,0.47369417219362775,0.44826408001958534,0.025430092174042407,suggest_with_caution,0.7901265,c_1883
c_0617,Small Business & B2B,0.6358009804435404,0.3075592782625146,0.3282417021810258,suggest,0.91035014,c_2157
c_0620,Traveler & Leisure,0.28205400741014175,0.2553488406966825,0.02670516671345924,abstain,0.74364793,c_1883
c_0622,Traveler & Leisure,0.9965259574520602,0.05686711942436061,0.9396588380276996,suggest,0.67374563,c_0573
c_0623,Health & Wellness Seeker,0.9863582914928355,0.19220824414380022,0.7941500473490353,suggest,0.7504021,c_0543
c_0624,Health & Wellness Seeker,0.7156928926172736,0.6476233768027391,0.06806951581453458,suggest_with_caution,0.7743118,c_2327
c_0625,Student & Learner,0.9774297870423505,0.11214615916996101,0.8652836278723894,suggest,0.7492499,c_0202
c_0626,Traveler & Leisure,0.9584629860548836,0.1724258366512738,0.7860371494036098,suggest,0.6828902,c_2007
c_0627,Student & Learner,0.9544983292374589,0.15754969667983562,0.7969486325576233,suggest,0.7794141,c_1205
c_0628,Small Business & B2B,0.8874370632535029,0.27301040310832697,0.614426660145176,suggest,0.80761385,c_2870
c_0629,Traveler & Leisure,0.855428290020508,0.21027335615491752,0.6451549338655905,suggest,0.8333549,c_1611
c_0632,Health & Wellness Seeker,0.5272863188191449,0.2952407986549173,0.23204552016422758,suggest_with_caution,0.8679088,c_0473
c_0633,Health & Wellness Seeker,0.6704578472675363,0.35941481856730034,0.311043028700236,suggest,0.7480575,c_1994
c_0634,Traveler & Leisure,0.8459939421265807,0.36063753330556525,0.4853564088210155,suggest,0.5248971,c_1061
c_0635,Traveler & Leisure,0.8897636631453942,0.6321630325236333,0.257600630621761,suggest,0.6415746,c_2165
c_0636,Health & Wellness Seeker,0.9347339303331293,0.2991527272180968,0.6355812031150325,suggest,0.7261906,c_1179
c_0638,Student & Learner,0.7519886018015284,0.7234353154181982,0.028553286383330212,suggest_with_caution,0.87720275,c_2781
c_0640,Traveler & Leisure,0.6720780903668617,0.3217717560831213,0.3503063342837404,suggest,0.77265674,c_1611
c_0641,Student & Learner,0.5736982226382087,0.14365229500649773,0.43004592763171096,suggest_with_caution,0.8014571,c_0567
c_0642,Traveler & Leisure,0.4108963167497916,0.14027495033008147,0.27062136641971013,abstain,0.75931627,c_2363
c_0644,Traveler & Leisure,0.5497216060821865,0.20660554574338869,0.34311606033879777,suggest_with_caution,0.8087792,c_0717
c_0645,Student & Learner,0.9989626576178477,0.061159910336368965,0.9378027472814788,suggest,0.7570544,c_2205
c_0646,Small Business & B2B,0.6056081241747243,0.3142052944073843,0.29140282976734,suggest,0.9441213,c_2705
c_0647,Health & Wellness Seeker,0.6535603735735659,0.5820260312742945,0.07153434229927136,suggest_with_caution,0.7635536,c_2860
c_0648,Tech Enthusiast,0.8409292231890916,0.447899552618584,0.3930296705705076,suggest,0.7359296,c_2802
c_0649,Tech Enthusiast,0.9609927581633466,0.1010175260576512,0.8599752321056954,suggest,0.8076567,c_1579
c_0650,Student & Learner,0.6865598539854825,0.6804626400433491,0.0060972139421333615,suggest_with_caution,0.8340645,c_2564
c_0652,Traveler & Leisure,0.4086735265922735,0.314045815286844,0.09462771130542952,abstain,0.82912016,c_2781
c_0653,Traveler & Leisure,0.5226446248618076,0.21625416934111316,0.30639045552069444,suggest_with_caution,0.6692639,c_1783
c_0655,Homeowner,0.8435355229915193,0.3953874236876208,0.44814809930389854,suggest,0.7542609,c_1162
c_0656,Traveler & Leisure,0.5926074921775591,0.31992423632637257,0.2726832558511866,suggest_with_caution,0.7031383,c_0359
c_0657,Small Business & B2B,0.9444059597808998,0.1406009158320123,0.8038050439488875,suggest,0.9042058,c_0225
c_0658,Student & Learner,0.9546030825722317,0.7459432234205476,0.20865985915168406,suggest,0.72918993,c_2170
c_0660,Tech Enthusiast,0.9896057233589772,0.27114906602476835,0.7184566573342088,suggest,0.77959126,c_0573
c_0661,Small Business & B2B,0.7262260794361226,0.13749192521038936,0.5887341542257333,suggest,0.63805693,c_0659
c_0662,Small Business & B2B,0.7087451319975195,0.612029750649066,0.09671538134845359,suggest_with_caution,0.6926946,c_2039
c_0663,Traveler & Leisure,0.49679826511279984,0.42643183616915836,0.07036642894364148,suggest_with_caution,0.6660323,c_1931
c_0665,Traveler & Leisure,0.62989779770801,0.37445215474652654,0.2554456429614835,suggest,0.5670463,c_0327
c_0667,Student & Learner,0.9946864811422874,0.5535551039631178,0.4411313771791696,suggest,0.77433497,c_2205
c_0668,Tech Enthusiast,0.7927711390921763,0.6555902370741916,0.13718090201798472,suggest,0.9450387,c_1326
c_0669,Student & Learner,0.6671693627128309,0.1719284657086644,0.4952408970041665,suggest,0.7750706,c_2865
c_0670,Traveler & Leisure,0.8795812414558211,0.12106011045218394,0.7585211310036372,suggest,0.86949027,c_2672
c_0671,Small Business & B2B,0.7873046718049146,0.4071468276706039,0.3801578441343107,suggest,0.91880035,c_2632
c_0672,Small Business & B2B,0.5992707269903458,0.5456813985062479,0.05358932848409792,suggest_with_caution,0.8267891,c_0473
c_0673,Tech Enthusiast,0.6664855844054108,0.4702821092567241,0.19620347514868675,suggest,0.7542647,c_0573
c_0674,Homeowner,0.624299752076627,0.32744086106306564,0.2968588910135614,suggest,0.71586424,c_1065
c_0675,Tech Enthusiast,0.9769671379461274,0.3036929876478523,0.6732741502982751,suggest,0.7354393,c_2180
c_0676,Health & Wellness Seeker,0.6335727836949359,0.5423230369897833,0.09124974670515251,suggest_with_caution,0.79917127,c_1128
c_0677,Tech Enthusiast,0.41922429193544697,0.3427005832290845,0.07652370870636249,abstain,0.8405346,c_2080
c_0680,Traveler & Leisure,0.7675989164321878,0.4771208902510948,0.29047802618109303,suggest,0.7313517,c_0050
c_0681,Small Business & B2B,0.9382288496530958,0.24406335491657816,0.6941654947365177,suggest,0.9996462,c_1954
c_0682,Small Business & B2B,0.9274473123061893,0.643103957823287,0.28434335448290227,suggest,0.7922515,c_2061
c_0683,Traveler & Leisure,0.7517486061752315,0.2878795772226617,0.4638690289525698,suggest,0.72180015,c_0262
c_0686,Traveler & Leisure,0.5212072798387419,0.3649075970505023,0.15629968278823964,suggest_with_caution,0.82430017,c_1049
c_0688,Homeowner,0.7927038399874812,0.3397084156498584,0.4529954243376228,suggest,0.95949525,c_1065
c_0690,Tech Enthusiast,0.474830505810088,0.3495473203442263,0.1252831854658617,suggest_with_caution,0.90777004,c_1923
c_0691,Small Business & B2B,0.9322684107780274,0.1523664097032836,0.7799020010747437,suggest,0.7093554,c_1169
c_0692,Tech Enthusiast,0.5938008935028596,0.26549079520963714,0.32831009829322244,suggest_with_caution,0.738144,c_2705
c_0695,Traveler & Leisure,0.7305239653164679,0.31363235350675445,0.41689161180971346,suggest,0.64298534,c_1611
c_0696,Small Business & B2B,0.793973773415162,0.218962473699184,0.575011299715978,suggest,0.7813979,c_0000
c_0697,Tech Enthusiast,0.9282580986073302,0.16549140587644023,0.76276669273089,suggest,0.85392064,c_2005
c_0698,Health & Wellness Seeker,0.7950026766250102,0.36997292513054264,0.4250297514944676,suggest,0.76067114,c_1502
c_0700,Health & Wellness Seeker,0.9741559274208993,0.3985595751255184,0.5755963522953809,suggest,0.80694664,c_0839
c_0701,Homeowner,0.9695658198833168,0.22590139198198358,0.7436644279013332,suggest,0.955635,c_2876
c_0702,Traveler & Leisure,0.4200232893708413,0.21461883847443414,0.2054044508964072,abstain,0.74444735,c_1122
c_0703,Health & Wellness Seeker,0.7401986582353192,0.2976699587787785,0.44252869945654066,suggest,0.65830624,c_1883
c_0704,Homeowner,0.9333037038597489,0.4883547587481109,0.444948945111638,suggest,0.8226915,c_0377
c_0707,Student & Learner,0.9920174853877926,0.14862789055585787,0.8433895948319347,suggest,0.9126213,c_0319
c_0708,Student & Learner,0.976785844881529,0.7046967859278678,0.2720890589536612,suggest,0.7565106,c_0651
c_0709,Small Business & B2B,0.9733924135870958,0.12171104852342411,0.8516813650636718,suggest,0.9385761,c_2002
c_0710,Health & Wellness Seeker,0.6751323701862627,0.31196483572004813,0.3631675344662146,suggest,0.73365724,c_0473
c_0711,Traveler & Leisure,0.4701639203942933,0.44993728230807256,0.020226638086220716,suggest_with_caution,0.83030033,c_1049
c_0713,Student & Learner,0.7423772656822807,0.27224504653725967,0.470132219145021,suggest,0.9346305,c_0271
c_0714,Traveler & Leisure,0.9364798923689253,0.07986648354719048,0.8566134088217348,suggest,0.7397658,c_0327
c_0715,Health & Wellness Seeker,0.9434076273272386,0.11565660088109136,0.8277510264461472,suggest,0.7670165,c_1967
c_0718,Traveler & Leisure,0.9899495395364948,0.052161381680772965,0.9377881578557218,suggest,0.54163533,c_0559
c_0719,Small Business & B2B,0.8220308695871799,0.6610313426431972,0.16099952694398267,suggest,0.6641383,c_1830
c_0720,Tech Enthusiast,0.9014393210288711,0.13014872878924524,0.7712905922396259,suggest,0.84721696,c_1061
c_0721,Small Business & B2B,0.9022333260822166,0.3712011887448967,0.5310321373373199,suggest,0.9221794,c_2436
c_0722,Traveler & Leisure,0.991713622414482,0.09764026168234899,0.8940733607321331,suggest,0.6055831,c_2083
c_0723,Homeowner,0.6592205620497488,0.3293604082628991,0.3298601537868497,suggest,0.7869802,c_1065
c_0724,Tech Enthusiast,0.7144592460117719,0.45034883561508887,0.26411041039668304,suggest,0.70478255,c_2061
c_0725,Retiree & Senior,0.6604740583651173,0.5386428935767897,0.12183116478832756,suggest,0.7358995,c_2496
c_0726,Student & Learner,0.8983819036633511,0.09873815401863371,0.7996437496447174,suggest,0.7732585,c_0202
c_0727,Traveler & Leisure,0.6389941692137134,0.10089293423080344,0.53810123498291,suggest,0.7710263,c_2601
c_0728,Health & Wellness Seeker,0.784556832059971,0.1771686531687997,0.6073881788911712,suggest,0.959906,c_0521
c_0729,Traveler & Leisure,0.667886754031781,0.2719577453784313,0.3959290086533497,suggest,0.7772885,c_1967
c_0730,Tech Enthusiast,0.4989086171841609,0.2724266658426296,0.22648195134153132,suggest_with_caution,0.7699187,c_1579
c_0732,Traveler & Leisure,0.7445336083242375,0.39109005850776046,0.3534435498164771,suggest,0.75240296,c_1905
c_0733,Health & Wellness Seeker,0.5836297332744592,0.4019238880719784,0.18170584520248084,suggest_with_caution,0.6215666,c_0346
c_0734,Traveler & Leisure,0.6904096697747208,0.30083586178776983,0.389573807986951,suggest,0.66099685,c_2865
c_0736,Tech Enthusiast,0.7002609001599428,0.2667153663829667,0.4335455337769761,suggest,0.8609464,c_1072
c_0738,Small Business & B2B,0.6680894153128883,0.48718996080377047,0.18089945450911787,suggest,0.66809374,c_2781
c_0739,Traveler & Leisure,0.814770187778469,0.0864057065783279,0.7283644812001411,suggest,0.87509966,c_1706
c_0740,Traveler & Leisure,0.4565116593162309,0.24262514764384058,0.2138865116723903,suggest_with_caution,0.8294693,c_2781
c_0741,Homeowner,0.7657965810163704,0.29794051830702567,0.4678560627093447,suggest,0.78342193,c_0684
c_0742,Homeowner,0.39337562861972825,0.20032158716433793,0.19305404145539032,abstain,0.9874706,c_1065
c_0744,Student & Learner,0.8324700852919471,0.17401018737207016,0.6584598979198769,suggest,0.92455405,c_1765
c_0745,Tech Enthusiast,0.9856608673787589,0.5824038922918456,0.40325697508691327,suggest,0.8433632,c_2313
c_0746,Traveler & Leisure,0.9664763605785284,0.5437464140150567,0.4227299465634716,suggest,0.6361408,c_1967
c_0747,Traveler & Leisure,0.5431061476706043,0.19761733570780643,0.34548881196279785,suggest_with_caution,0.55084985,c_0754
c_0748,Health & Wellness Seeker,0.9792809532342741,0.11165950345049623,0.8676214497837779,suggest,0.82443804,c_0705
c_0749,Health & Wellness Seeker,0.7809553324312658,0.1870588081239204,0.5938965243073454,suggest,0.7700952,c_0473
c_0753,Traveler & Leisure,0.8011908761873153,0.6603378769652409,0.1408529992220744,suggest,0.9791687,c_1795
c_0755,Health & Wellness Seeker,0.4069977474082078,0.2551995970096385,0.1517981503985693,abstain,0.7672276,c_0473
c_0757,Homeowner,0.5044541439204693,0.24450323848869526,0.259950905431774,suggest_with_caution,0.85882866,c_1123
c_0758,Homeowner,0.9146749973482415,0.4865474429781135,0.42812755437012806,suggest,0.88595015,c_0377
c_0759,Small Business & B2B,0.4334665845216459,0.18092186509489672,0.25254471942674916,abstain,0.7795369,c_1122
c_0760,Health & Wellness Seeker,0.9394277439996507,0.08207803561262937,0.8573497083870213,suggest,0.918497,c_0571
c_0761,Homeowner,0.9970431659097647,0.16224065386093747,0.8348025120488273,suggest,0.741605,c_0367
c_0762,Tech Enthusiast,0.5505749645044857,0.2863465700943975,0.2642283944100882,suggest_with_caution,0.7847414,c_0840
c_0763,Traveler & Leisure,0.9932990378236833,0.23302598468214686,0.7602730531415365,suggest,0.70330954,c_2039
c_0764,Tech Enthusiast,0.6891184403926369,0.2545059681759399,0.434612472216697,suggest,0.8289633,c_2185
c_0765,Small Business & B2B,0.41288519544020763,0.3155613099041721,0.09732388553603555,abstain,0.5855504,c_1123
c_0766,Small Business & B2B,0.97468780593058,0.3319029465380396,0.6427848593925405,suggest,0.76697445,c_1169
c_0767,Homeowner,0.8683523249092533,0.05791959826256328,0.81043272664669,suggest,0.8769326,c_2493
c_0768,Traveler & Leisure,0.8544054624917272,0.17882805162885507,0.6755774108628722,suggest,0.8061452,c_2865
c_0769,Small Business & B2B,0.8880547794054479,0.1989896272262311,0.6890651521792168,suggest,0.8690292,c_1122
c_0770,Health & Wellness Seeker,0.9926983518528617,0.1706598101170916,0.8220385417357701,suggest,0.79490465,c_1994
c_0771,Homeowner,0.5117576550142363,0.26046943600628997,0.25128821900794635,suggest_with_caution,0.7862265,c_1065
c_0774,Health & Wellness Seeker,0.9852825958715431,0.11085424883767668,0.8744283470338664,suggest,0.7437127,c_2603
c_0775,Traveler & Leisure,0.8793227014312558,0.16440673681454965,0.7149159646167061,suggest,0.74975306,c_0679
c_0776,Retiree & Senior,0.9750054046921384,0.4008143569975183,0.5741910476946201,suggest,0.86189634,c_2752
c_0777,Traveler & Leisure,0.8351682072190035,0.49765453078287364,0.3375136764361299,suggest,0.7391829,c_1404
c_0778,Traveler & Leisure,0.35988650268331424,0.1605564364491423,0.19933006623417193,abstain,0.704653,c_0473
c_0779,Homeowner,0.7350798052313553,0.43873855898227837,0.29634124624907693,suggest,0.8004632,c_1267
c_0780,Health & Wellness Seeker,0.9439247802934322,0.1724457875422419,0.7714789927511903,suggest,0.67163455,c_0108
c_0781,Small Business & B2B,0.9464764339002703,0.08016443822555992,0.8663119956747103,suggest,0.7504725,c_2462
c_0782,Tech Enthusiast,0.3689257239376586,0.20297412735542272,0.16595159658223588,abstain,0.7367952,c_1404
c_0783,Small Business & B2B,0.7640585135065329,0.5196105691184159,0.244447944388117,suggest,0.7149311,c_2035
c_0784,Health & Wellness Seeker,0.951563643327172,0.2832063866454838,0.6683572566816882,suggest,0.7928419,c_1994
c_0785,Traveler & Leisure,0.9704352188431947,0.09179430417228687,0.8786409146709079,suggest,0.60719144,c_1823
c_0786,Traveler & Leisure,0.6707795656146793,0.22986855991000038,0.44091100570467895,suggest,0.7400877,c_0327
c_0787,Health & Wellness Seeker,0.5881669475127377,0.2381668499369063,0.3500000975758314,suggest_with_caution,0.7323839,c_1404
c_0788,Tech Enthusiast,0.8940324423570418,0.31177990230450475,0.5822525400525371,suggest,0.8324312,c_2006
c_0789,Tech Enthusiast,0.9780310663129647,0.2786495303480708,0.6993815359648938,suggest,0.73414576,c_0013
c_0791,Traveler & Leisure,0.48583599549017303,0.23193565033756192,0.2539003451526111,suggest_with_caution,0.73806196,c_2714
c_0792,Homeowner,0.4813533743394531,0.3520351747301129,0.12931819960934016,suggest_with_caution,0.74105024,c_1404
c_0793,Small Business & B2B,0.548283405459991,0.3773192310621688,0.1709641743978222,suggest_with_caution,0.7380351,c_1180
c_0794,Small Business & B2B,0.8734769381027897,0.84854883795943,0.024928100143359666,suggest_with_caution,0.7546428,c_1019
c_0795,Tech Enthusiast,0.9086631352472868,0.6201231532408205,0.28853998200646636,suggest,0.77841234,c_1061
c_0796,Homeowner,0.8045590076568093,0.34993709447032756,0.45462191318648176,suggest,0.9482639,c_1065
c_0797,Student & Learner,0.6950751226550654,0.3227498329880119,0.3723252896670535,suggest,0.93132234,c_0457
c_0798,Small Business & B2B,0.42504740185414447,0.3763099107552355,0.04873749109890896,abstain,0.78708863,c_2781
c_0799,Small Business & B2B,0.43940268831289403,0.29371107663557283,0.1456916116773212,abstain,0.6143037,c_1065
c_0800,Traveler & Leisure,0.9060718590256785,0.5374163677913575,0.36865549123432106,suggest,0.8714688,c_0262
c_0801,Student & Learner,0.6729652904152611,0.6257359816125385,0.04722930880272258,suggest_with_caution,0.8587518,c_2434
c_0802,Tech Enthusiast,0.454137475824343,0.18677941565345033,0.2673580601708927,suggest_with_caution,0.6676468,c_1508
c_0803,Traveler & Leisure,0.9419051882466021,0.0863327893741439,0.8555723988724582,suggest,0.69665575,c_2437
c_0804,Traveler & Leisure,0.7025015757540672,0.3837129210267455,0.31878865472732176,suggest,0.7249649,c_0473
c_0805,Small Business & B2B,0.7361430341687661,0.48720772866200146,0.24893530550676468,suggest,0.6942714,c_1991
c_0806,Traveler & Leisure,0.344422106292467,0.21522679443784928,0.12919531185461772,abstain,0.7873332,c_1905
c_0807,Tech Enthusiast,0.40388552495566554,0.13760122158193253,0.266284303373733,abstain,0.7970941,c_1065
c_0808,Homeowner,0.9137688643734863,0.49715737846631075,0.4166114859071755,suggest,0.7478355,c_1250
c_0809,Student & Learner,0.7542300002525164,0.4145051957573454,0.339724804495171,suggest,0.7714206,c_1611
c_0810,Student & Learner,0.852745166801355,0.3283467724341327,0.5243983943672224,suggest,0.6923553,c_1203
c_0811,Traveler & Leisure,0.3752351205323148,0.13953353927780537,0.2357015812545094,abstain,0.52610177,c_2467
c_0812,Homeowner,0.7465640224707978,0.42544436316564843,0.32111965930514935,suggest,0.8201921,c_1065
c_0813,Retiree & Senior,0.6671035743466683,0.6029264671677688,0.06417710717889957,suggest_with_caution,0.7129395,c_2232
c_0814,Traveler & Leisure,0.8525157087988109,0.11317859235898582,0.739337116439825,suggest,0.73103493,c_0961
c_0815,Tech Enthusiast,0.6066336192610919,0.16352235897840678,0.44311126028268516,suggest,0.8185033,c_1122
c_0816,Traveler & Leisure,0.8120184685412597,0.3834735083248483,0.4285449602164114,suggest,0.71015066,c_2654
c_0817,Traveler & Leisure,0.9725648713666816,0.1689934947540851,0.8035713766125965,suggest,0.5950205,c_1842
c_0818,Tech Enthusiast,0.7159717451181724,0.6709982493562583,0.04497349576191412,suggest_with_caution,0.7399631,c_2802
c_0819,Traveler & Leisure,0.9669467917071534,0.10114276301586526,0.8658040286912881,suggest,0.74754643,c_0643
c_0820,Traveler & Leisure,0.9584206493498472,0.29574492901892163,0.6626757203309255,suggest,0.8336776,c_1361
c_0821,Tech Enthusiast,0.5404523749202819,0.4005453659533003,0.13990700896698155,suggest_with_caution,0.7843825,c_2714
c_0822,Health & Wellness Seeker,0.9555983387775063,0.30463474085061976,0.6509635979268866,suggest,0.80899745,c_1994
c_0823,Traveler & Leisure,0.37151844972774667,0.293486640434196,0.07803180929355069,abstain,0.8090973,c_1159
c_0824,Tech Enthusiast,0.5747694375103397,0.37891736051445846,0.19585207699588125,suggest_with_caution,0.7754891,c_2865
c_0826,Health & Wellness Seeker,0.8917928173434029,0.5451080647162438,0.34668475262715903,suggest,0.78968656,c_0473
c_0827,Traveler & Leisure,0.343743318954844,0.1571608824173177,0.1865824365375263,abstain,0.7747612,c_2865
c_0828,Traveler & Leisure,0.5714185207859999,0.12304759109982924,0.44837092968617065,suggest_with_caution,0.6220865,c_1326
c_0829,Tech Enthusiast,0.3772538944054894,0.343366876036951,0.03388701836853841,abstain,0.69050884,c_0904
c_0830,Small Business & B2B,0.8935667522232839,0.11822530529725554,0.7753414469260284,suggest,0.7699183,c_2462
c_0832,Traveler & Leisure,0.7291870924147166,0.5004011848153599,0.22878590759935669,suggest,0.7203952,c_2366
c_0833,Tech Enthusiast,0.6301631871455248,0.3848410593367643,0.24532212780876045,suggest,0.7125825,c_1983
c_0834,Small Business & B2B,0.42459894397876974,0.37090814901477864,0.053690794963991095,abstain,0.8015358,c_0473
c_0836,Tech Enthusiast,0.6431195487925001,0.5460983192444051,0.097021229548095,suggest_with_caution,0.7748848,c_2802
c_0837,Tech Enthusiast,0.5889195693487723,0.37895968654585205,0.20995988280292027,suggest_with_caution,0.7398623,c_2183
c_0838,Homeowner,0.8995231610202572,0.40627071561943295,0.49325244540082425,suggest,0.7622256,c_2391
c_0841,Traveler & Leisure,0.6530949328224027,0.0786557195958325,0.5744392132265702,suggest,0.7598711,c_1404
c_0842,Traveler & Leisure,0.8600814220858449,0.32823174845086217,0.5318496736349827,suggest,0.7352104,c_1404
c_0843,Small Business & B2B,0.8598914071950968,0.22921511521139845,0.6306762919836983,suggest,0.8105957,c_1122
c_0844,Tech Enthusiast,0.9797262447172096,0.36509040258465003,0.6146358421325595,suggest,0.75538564,c_2107
c_0847,Small Business & B2B,0.5298779826394091,0.35972669872638385,0.17015128391302525,suggest_with_caution,0.9325766,c_2705
c_0848,Health & Wellness Seeker,0.9644319290161133,0.2331478662967667,0.7312840627193467,suggest,0.8892856,c_0238
c_0849,Tech Enthusiast,0.9986936376799813,0.18871765803312296,0.8099759796468584,suggest,0.76843727,c_0573
c_0850,Traveler & Leisure,0.4546666411236895,0.2927961911373039,0.1618704499863856,suggest_with_caution,0.7109991,c_1404
c_0851,Tech Enthusiast,0.9131915090998212,0.3291207661293861,0.584070742970435,suggest,0.6695876,c_1490
c_0852,Small Business & B2B,0.4896247659720508,0.35558488402182026,0.13403988195023053,suggest_with_caution,0.7051712,c_1983
c_0853,Tech Enthusiast,0.4704340573640092,0.45393199934841977,0.016502058015589405,suggest_with_caution,0.7335448,c_0000
c_0854,Traveler & Leisure,0.9621486408295148,0.08973759865473684,0.8724110421747779,suggest,0.64242494,c_1341
c_0855,Traveler & Leisure,0.7010056315738246,0.407425746691176,0.2935798848826486,suggest,0.6512001,c_1843
c_0856,Tech Enthusiast,0.9491045274804714,0.7857625851968445,0.16334194228362686,suggest,0.9449024,c_2400
c_0857,Traveler & Leisure,0.39333253176118155,0.14880142054959142,0.24453111121159013,abstain,0.83484733,c_1404
c_0858,Small Business & B2B,0.8613922065561972,0.11591161539138092,0.7454805911648162,suggest,0.6669537,c_1166
c_0859,Small Business & B2B,0.6648062494872847,0.43315168700641027,0.23165456248087446,suggest,0.718994,c_1404
c_0861,Health & Wellness Seeker,0.9172983521840432,0.1894519981449573,0.7278463540390859,suggest,0.7972454,c_1329
c_0864,Traveler & Leisure,0.8098666156695747,0.09886574060887568,0.7110008750606991,suggest,0.7875476,c_1086
c_0865,Homeowner,0.5605046097767776,0.358337630163839,0.2021669796129386,suggest_with_caution,0.8158426,c_1065
c_0866,Small Business & B2B,0.8564458641394073,0.17905828464983298,0.6773875794895743,suggest,0.84610415,c_1991
c_0868,Tech Enthusiast,0.6081942337163018,0.5848782880027407,0.023315945713561104,suggest_with_caution,0.67913526,c_2776
c_0869,Traveler & Leisure,0.37614919647390677,0.20915828626412422,0.16699091020978254,abstain,0.74157137,c_1049
c_0870,Health & Wellness Seeker,0.5182337765608719,0.5050954454585873,0.013138331102284573,suggest_with_caution,0.92795247,c_0444
c_0871,Traveler & Leisure,0.9653426567149862,0.0680214000310592,0.897321256683927,suggest,0.75800997,c_1072
c_0875,Health & Wellness Seeker,0.8508124727422247,0.15760509459852215,0.6932073781437026,suggest,0.9123617,c_0521
c_0876,Traveler & Leisure,0.7278634320837871,0.1387872227114941,0.589076209372293,suggest,0.8178409,c_2823
c_0877,Traveler & Leisure,0.955937061043864,0.3006915770927457,0.6552454839511184,suggest,0.6059355,c_2767
c_0878,Traveler & Leisure,0.7633218828167909,0.4346430143030726,0.3286788685137183,suggest,0.71438366,c_2366
c_0879,Small Business & B2B,0.9536486365360248,0.5479512551363628,0.40569738139966205,suggest,0.82732135,c_1800
c_0880,Homeowner,0.8110848748321903,0.22782017865834914,0.5832646961738411,suggest,0.77679,c_1065
c_0881,Traveler & Leisure,0.9970255958353207,0.1368991663130854,0.8601264295222353,suggest,0.65899616,c_0327
c_0882,Small Business & B2B,0.9655289419449137,0.33519769384594483,0.6303312480989689,suggest,0.7442242,c_1123
c_0883,Tech Enthusiast,0.9652855191421053,0.3087992701306357,0.6564862490114696,suggest,0.7723902,c_2870
c_0884,Traveler & Leisure,0.7197547544079492,0.6441007031670734,0.07565405124087587,suggest_with_caution,0.76829517,c_1453
c_0885,Tech Enthusiast,0.6752879985840212,0.24288584895688917,0.4324021496271321,suggest,0.87715054,c_2313
c_0886,Health & Wellness Seeker,0.33279809160113083,0.26572574865424936,0.06707234294688147,abstain,0.72362006,c_2286
c_0887,Traveler & Leisure,0.5459144284227665,0.15399917410283212,0.39191525431993435,suggest_with_caution,0.8330978,c_2714
c_0888,Health & Wellness Seeker,0.5444045236999656,0.3361155417826072,0.2082889819173584,suggest_with_caution,0.7570588,c_1072
c_0889,Small Business & B2B,0.49995397380502254,0.39060590281537727,0.10934807098964527,suggest_with_caution,0.82534474,c_1065
c_0891,Tech Enthusiast,0.4436671915949858,0.24713142749014985,0.19653576410483595,abstain,0.4847751,c_0507
c_0892,Tech Enthusiast,0.6191950657131227,0.3122113632935923,0.3069837024195304,suggest,0.77147937,c_1404
c_0893,Tech Enthusiast,0.5671216884927858,0.45473980389701935,0.11238188459576642,suggest_with_caution,0.6053869,c_1124
c_0894,Homeowner,0.7552160526007374,0.5027231797567353,0.2524928728440021,suggest,0.714269,c_1905
c_0895,Health & Wellness Seeker,0.9731971001618945,0.24972515895084246,0.7234719412110521,suggest,0.752954,c_0954
c_0896,Homeowner,0.9853298791281812,0.09764382238880283,0.8876860567393783,suggest,0.8999715,c_1150
c_0897,Traveler & Leisure,0.7558460781881459,0.348407200603509,0.40743887758463687,suggest,0.7197275,c_1349
c_0900,Student & Learner,0.6401098597378252,0.2283146922970908,0.4117951674407344,suggest,0.7229506,c_0825
c_0902,Health & Wellness Seeker,0.972174139818025,0.12197322984706852,0.8502009099709565,suggest,0.9221738,c_1135
c_0903,Traveler & Leisure,0.7089119398756664,0.6344961778579951,0.0744157620176713,suggest_with_caution,0.76660526,c_1065
c_0905,Tech Enthusiast,0.9977210237030679,0.7429449123180033,0.2547761113850646,suggest,0.8857001,c_2313
c_0906,Health & Wellness Seeker,0.3855332115177646,0.2869755013719675,0.09855771014579712,abstain,0.80633634,c_1122
c_0908,Health & Wellness Seeker,0.974310654051175,0.20857943616378585,0.7657312178873892,suggest,0.7420411,c_1994
c_0909,Traveler & Leisure,0.31300348602265304,0.1508178947269482,0.16218559129570484,abstain,0.692499,c_2781
c_0911,Tech Enthusiast,0.8588103008145548,0.21355551738079628,0.6452547834337585,suggest,0.68999726,c_0573
c_0912,Health & Wellness Seeker,0.6463179295897876,0.21188316394088652,0.4344347656489011,suggest,0.73827416,c_1065
c_0914,Homeowner,0.8844379520638709,0.26970782992230485,0.614730122141566,suggest,0.81201524,c_1065
c_0915,Health & Wellness Seeker,0.9944024185759023,0.31314518602999497,0.6812572325459073,suggest,0.67915344,c_0872
c_0917,Tech Enthusiast,0.592734522187149,0.5242613008268499,0.0684732213602991,suggest_with_caution,0.8300307,c_1049
c_0919,Traveler & Leisure,0.9074277110007459,0.2133286036678117,0.6940991073329342,suggest,0.6298931,c_1555
c_0920,Traveler & Leisure,0.7236948526488084,0.6437416756216293,0.07995317702717908,suggest_with_caution,0.6638203,c_1983
c_0922,Small Business & B2B,0.9044839470661378,0.2949672631079263,0.6095166839582115,suggest,0.682411,c_2470
c_0923,Small Business & B2B,0.4112558847302077,0.32763283691741246,0.08362304781279523,abstain,0.7505328,c_1329
c_0924,Homeowner,0.48225626589464415,0.24973338518101387,0.23252288071363028,suggest_with_caution,0.959701,c_2082
c_0925,Tech Enthusiast,0.7671439457693081,0.6738919133584571,0.093252032410851,suggest_with_caution,0.8291152,c_1125
c_0926,Student & Learner,0.5968948934570457,0.18404242259300976,0.412852470864036,suggest_with_caution,0.7924259,c_2418
c_0927,Tech Enthusiast,0.45680514802540184,0.43363089625754775,0.023174251767854093,suggest_with_caution,0.79871356,c_2865
c_0928,Parent & Family,0.4262130707844828,0.3277626212151559,0.09845044956932686,abstain,0.7002404,c_1173
c_0929,Health & Wellness Seeker,0.970463435555359,0.20183342157932754,0.7686300139760314,suggest,0.9215921,c_1883
c_0930,Small Business & B2B,0.8127731418196095,0.8084764585508372,0.0042966832687723056,suggest_with_caution,0.6926312,c_0752
c_0931,Homeowner,0.53087606549244,0.36145885066143135,0.1694172148310087,suggest_with_caution,0.76143456,c_0518
c_0932,Student & Learner,0.9895563210360704,0.5647566635952493,0.42479965744082104,suggest,0.74828076,c_2170
c_0933,Traveler & Leisure,0.7523005000443831,0.31157651374263245,0.44072398630175064,suggest,0.7756193,c_0699
c_0934,Small Business & B2B,0.6901091398852051,0.6045599600402911,0.08554917984491395,suggest_with_caution,0.7682274,c_0873
c_0936,Tech Enthusiast,0.6523373716503627,0.17134078856225865,0.480996583088104,suggest,0.6789912,c_1061
c_0937,Small Business & B2B,0.1918918552544954,0.13449580065284006,0.05739605460165534,abstain,0.74294186,c_1852
c_0939,Small Business & B2B,0.9388450174046495,0.19169059090047824,0.7471544265041713,suggest,0.5535873,c_2151
c_0940,Small Business & B2B,0.27859488936643495,0.17317585368646457,0.10541903567997038,abstain,0.7025829,c_1593
c_0941,Tech Enthusiast,0.7759551519532469,0.35060626185476923,0.4253488900984777,suggest,0.74017954,c_0751
c_0942,Health & Wellness Seeker,0.3668585925518314,0.23174254935989722,0.13511604319193418,abstain,0.79919446,c_2091
c_0943,Traveler & Leisure,0.981666253285253,0.3557992927566399,0.6258669605286131,suggest,0.66007227,c_2487
c_0945,Health & Wellness Seeker,0.8282448911539086,0.31104349670511805,0.5172013944487905,suggest,0.80643165,c_2434
c_0946,Traveler & Leisure,0.8371517294633661,0.20763800109605438,0.6295137283673118,suggest,0.5350475,c_0573
c_0947,Tech Enthusiast,0.9981137382154085,0.6978112619844051,0.30030247623100337,suggest,0.88454014,c_2313
c_0948,Student & Learner,0.5871654154227202,0.3751449953836604,0.21202042003905974,suggest_with_caution,0.9510487,c_0457
c_0949,Small Business & B2B,0.996612124828131,0.18103171268396673,0.8155804121441643,suggest,0.7473157,c_1991
c_0950,Tech Enthusiast,0.9691697003775195,0.3885623715987019,0.5806073287788176,suggest,0.7671818,c_1705
c_0951,Parent & Family,0.9250928861858716,0.5376041987476873,0.3874886874381843,suggest,0.92406535,c_2378
c_0952,Homeowner,0.616542562443074,0.5052952579385798,0.11124730450449427,suggest,0.7624469,c_1065
c_0953,Tech Enthusiast,0.614570802133623,0.22172562536049062,0.3928451767731324,suggest,0.8007646,c_2865
c_0955,Student & Learner,0.9733933708469921,0.43215885297291473,0.5412345178740774,suggest,0.6872113,c_1998
c_0956,Student & Learner,0.9630111619493832,0.47367326826826633,0.48933789368111685,suggest,0.82769257,c_2630
c_0957,Student & Learner,0.3832384288999026,0.32970117448805775,0.05353725441184487,abstain,0.69879586,c_2075
c_0958,Homeowner,0.8502818562063188,0.7388660045906104,0.11141585161570844,suggest,0.78936946,c_1065
c_0959,Student & Learner,0.7117433117802475,0.6533591836290111,0.05838412815123639,suggest_with_caution,0.8513254,c_1122
c_0960,Homeowner,0.8600212645037423,0.1801140878466891,0.6799071766570531,suggest,0.82415855,c_0071
c_0963,Homeowner,0.23381333713078573,0.20287819248601238,0.030935144644773344,abstain,0.75390095,c_1954
c_0964,Traveler & Leisure,0.9835939920939419,0.07898440107119235,0.9046095910227496,suggest,0.9034738,c_1783
c_0965,Traveler & Leisure,0.9006167189793558,0.20213326890661454,0.6984834500727413,suggest,0.717517,c_0318
c_0966,Homeowner,0.3847378198554762,0.23218346575069307,0.15255435410478316,abstain,0.860163,c_1065
c_0967,Homeowner,0.28149939578730415,0.17486566691459987,0.10663372887270428,abstain,0.7409589,c_1892
c_0968,Small Business & B2B,0.9368100879019174,0.12936138377329046,0.807448704128627,suggest,0.765018,c_1991
c_0969,Health & Wellness Seeker,0.8958119348972519,0.23603236480680145,0.6597795700904504,suggest,0.9401712,c_1328
c_0971,Traveler & Leisure,0.9561697117910557,0.19098306720455283,0.7651866445865029,suggest,0.6489643,c_0619
c_0972,Small Business & B2B,0.9972140333806857,0.1420818825720182,0.8551321508086676,suggest,0.78360707,c_1660
c_0973,Health & Wellness Seeker,0.4922951974293234,0.14814474221028834,0.34415045521903503,suggest_with_caution,0.81387734,c_2327
c_0974,Traveler & Leisure,0.8726660470290516,0.33587127804840855,0.536794768980643,suggest,0.71974266,c_1579
c_0975,Small Business & B2B,0.9842430808538191,0.1536511104004141,0.8305919704534049,suggest,0.8686632,c_0004
c_0976,Tech Enthusiast,0.8372237082354204,0.216918013173637,0.6203056950617833,suggest,0.770111,c_2185
c_0977,Tech Enthusiast,0.9515891688578283,0.2088273068633528,0.7427618619944755,suggest,0.76934135,c_0000
c_0978,Tech Enthusiast,0.6767599473118898,0.31532195803892055,0.3614379892729693,suggest,0.68834263,c_1122
c_0980,Traveler & Leisure,0.8277972330047715,0.17279320051693972,0.6550040324878318,suggest,0.709829,c_2855
c_0982,Traveler & Leisure,0.9931474072360443,0.2686944685649451,0.7244529386710992,suggest,0.69124186,c_2363
c_0983,Health & Wellness Seeker,0.31845012478259443,0.21512876437521034,0.1033213604073841,abstain,0.8128392,c_1889
c_0984,Small Business & B2B,0.5342101988089956,0.3914728961940884,0.14273730261490714,suggest_with_caution,0.71814185,c_2705
c_0985,Health & Wellness Seeker,0.9981599596322628,0.045551004980018,0.9526089546522448,suggest,0.6795621,c_1963
c_0986,Traveler & Leisure,0.8407264305948003,0.5121347253993875,0.3285917051954128,suggest,0.7153733,c_1998
c_0987,Traveler & Leisure,0.60276811557095,0.5742653114030799,0.0285028041678701,suggest_with_caution,0.73890775,c_0176
c_0988,Traveler & Leisure,0.7763594405563389,0.08691074099637444,0.6894486995599645,suggest,0.8762897,c_2701
c_0989,Small Business & B2B,0.6539667455245843,0.3308510702143091,0.32311567531027524,suggest,0.7578529,c_2793
c_0990,Small Business & B2B,0.9576303465982221,0.12297520422813087,0.8346551423700912,suggest,0.90883166,c_1800
c_0991,Homeowner,0.821765854998425,0.2121937384936517,0.6095721165047734,suggest,0.7748821,c_1065
c_0992,Small Business & B2B,0.7984110727692377,0.54398303936194,0.2544280334072977,suggest,0.7479633,c_2185
c_0994,Traveler & Leisure,0.7044896708622367,0.17025383834375488,0.5342358325184818,suggest,0.7373182,c_0731
c_0996,Traveler & Leisure,0.9250128970123189,0.2582363482604076,0.6667765487519113,suggest,0.6596924,c_2286
c_0997,Health & Wellness Seeker,0.32890342911593,0.2621245591385594,0.06677886997737059,abstain,0.7562019,c_1065
c_0998,Homeowner,0.9375905406948936,0.3153801085059268,0.6222104321889668,suggest,0.7839973,c_1404
c_1000,Small Business & B2B,0.8850114952313113,0.5251685378267785,0.35984295740453276,suggest,0.8676019,c_0735
c_1001,Health & Wellness Seeker,0.7886036198182448,0.2923760923011431,0.4962275275171017,suggest,0.7630244,c_0751
c_1002,Student & Learner,0.9880926212832075,0.4639928509607996,0.524099770322408,suggest,0.7720052,c_2205
c_1003,Health & Wellness Seeker,0.9003695315786993,0.4294630588644783,0.470906472714221,suggest,0.82889163,c_1994
c_1004,Student & Learner,0.3253236626742505,0.3194733766299403,0.0058502860443102045,abstain,0.7055686,c_1611
c_1005,Homeowner,0.9903703431663109,0.12172011648178448,0.8686502266845264,suggest,0.80919176,c_0367
c_1006,Traveler & Leisure,0.5652279569070914,0.28998507705309234,0.27524287985399903,suggest_with_caution,0.6766124,c_1176
c_1007,Homeowner,0.7432203360152111,0.26849390544461393,0.47472643057059716,suggest,0.8561862,c_0377
c_1008,Homeowner,0.9684709763345707,0.21657043535714657,0.7519005409774241,suggest,0.7489444,c_0685
c_1009,Tech Enthusiast,0.7931920408628023,0.23967578011361257,0.5535162607491897,suggest,0.8680391,c_2313
c_1010,Homeowner,0.9193474291258857,0.34011326692084937,0.5792341622050363,suggest,0.98996204,c_0693
c_1011,Retiree & Senior,0.9651082336141602,0.21692088915181176,0.7481873444623485,suggest,0.7702041,c_1892
c_1012,Tech Enthusiast,0.9933133182543247,0.170668393916117,0.8226449243382077,suggest,0.7891648,c_0573
c_1014,Tech Enthusiast,0.7552917080136334,0.27777484522901014,0.4775168627846233,suggest,0.63287115,c_1490
c_1015,Traveler & Leisure,0.5838607592653828,0.19591078576324744,0.3879499735021354,suggest_with_caution,0.72983354,c_1122
c_1016,Traveler & Leisure,0.802383763965928,0.35591303305606103,0.446470730909867,suggest,0.7177686,c_1521
c_1017,Traveler & Leisure,0.6854113182422,0.38045006321004826,0.30496125503215177,suggest,0.7418613,c_0693
c_1018,Traveler & Leisure,0.8970493796004874,0.09001178629415628,0.8070375933063311,suggest,0.6352497,c_0327
c_1020,Homeowner,0.4105943961275896,0.2817682716234513,0.12882612450413827,abstain,0.69727457,c_0518
c_1021,Tech Enthusiast,0.44155618860088647,0.20629076834507662,0.23526542025580985,abstain,0.78301483,c_2730
c_1022,Small Business & B2B,0.3559893968937202,0.2693662933772484,0.08662310351647184,abstain,0.7111745,c_2802
c_1023,Traveler & Leisure,0.7000933096819276,0.4476943467038133,0.2523989629781143,suggest,0.90323186,c_0323
c_1024,Health & Wellness Seeker,0.7906815446807589,0.7824798187697403,0.008201725911018642,suggest_with_caution,0.76521856,c_1994
c_1025,Health & Wellness Seeker,0.7324299988007972,0.4856422006606633,0.24678779814013385,suggest,0.7638117,c_0473
c_1026,Traveler & Leisure,0.6028721196654556,0.4900019892273264,0.11287013043812921,suggest,0.6388306,c_0754
c_1027,Small Business & B2B,0.9749718792424107,0.36296271704737865,0.6120091621950321,suggest,0.8785981,c_2002
c_1028,Tech Enthusiast,0.9574871731859015,0.07495599190727657,0.882531181278625,suggest,0.7663615,c_1446
c_1029,Small Business & B2B,0.6993732711986701,0.18149571930917918,0.5178775518894909,suggest,0.7438364,c_2870
c_1030,Retiree & Senior,0.9962881896217703,0.3003677331856906,0.6959204564360797,suggest,0.96695435,c_1639
c_1031,Traveler & Leisure,0.4968763535603372,0.12621950772797697,0.37065684583236025,suggest_with_caution,0.7548337,c_0961
c_1032,Health & Wellness Seeker,0.8679450214296405,0.7788255775914747,0.08911944383816572,suggest_with_caution,0.7611824,c_1065
c_1034,Traveler & Leisure,0.2401483116770821,0.17180796587231628,0.0683403458047658,abstain,0.6319093,c_1404
c_1035,Tech Enthusiast,0.9575371952409276,0.13419092437071456,0.8233462708702131,suggest,0.77876824,c_0390
c_1036,Homeowner,0.5523571202677939,0.30679130204324734,0.2455658182245466,suggest_with_caution,0.88269496,c_1827
c_1037,Small Business & B2B,0.9034867045805515,0.255252868369425,0.6482338362111264,suggest,0.8472849,c_1122
c_1038,Traveler & Leisure,0.7638941505546725,0.42805382582049883,0.33584032473417363,suggest,0.6980999,c_1252
c_1039,Tech Enthusiast,0.7715949350284862,0.7004103814213802,0.07118455360710596,suggest_with_caution,0.7701415,c_2870
c_1042,Traveler & Leisure,0.969344071948664,0.10075212794174163,0.8685919440069224,suggest,0.7322266,c_2823
c_1043,Small Business & B2B,0.6770738162248948,0.2824158505792664,0.39465796564562844,suggest,0.76950186,c_1830
c_1045,Small Business & B2B,0.8934090231151637,0.2800953650329978,0.6133136580821659,suggest,0.84043515,c_2705
c_1046,Health & Wellness Seeker,0.8128513013386369,0.28502957150194386,0.5278217298366931,suggest,0.85893464,c_2327
c_1047,Tech Enthusiast,0.37824214917687654,0.31814605164428844,0.0600960975325881,abstain,0.93783826,c_2099
c_1048,Health & Wellness Seeker,0.501306308549984,0.48889507064545007,0.012411237904533967,suggest_with_caution,0.7231518,c_2091
c_1051,Traveler & Leisure,0.9633626329421199,0.09494681687414665,0.8684158160679732,suggest,0.75163007,c_1706
c_1052,Traveler & Leisure,0.9944279342410656,0.3450269072010134,0.6494010270400521,suggest,0.67659014,c_1404
c_1057,Parent & Family,0.3228862010713011,0.3049153184045193,0.017970882666781818,abstain,0.732946,c_2575
c_1058,Traveler & Leisure,0.9222358503959106,0.13507724699210544,0.7871586034038052,suggest,0.5925597,c_0840
c_1059,Traveler & Leisure,0.7941413771464557,0.12564031397087358,0.6685010631755821,suggest,0.73191947,c_2252
c_1060,Small Business & B2B,0.8473594025245748,0.3016477774746364,0.5457116250499383,suggest,0.93666005,c_1231
c_1062,Traveler & Leisure,0.8914516416769483,0.07447533509890424,0.8169763065780441,suggest,0.6560943,c_0327
c_1063,Homeowner,0.9010102332050985,0.2604947271287186,0.64051550607638,suggest,0.8099611,c_1065
c_1064,Small Business & B2B,0.35708965265487347,0.32357916580549406,0.033510486849379406,abstain,0.79113585,c_1122
c_1067,Health & Wellness Seeker,0.8333903388009566,0.21707576068596404,0.6163145781149926,suggest,0.7598743,c_1065
c_1068,Traveler & Leisure,0.7852098710010567,0.10040431498456306,0.6848055560164936,suggest,0.7060934,c_1404
c_1069,Tech Enthusiast,0.30914781274206776,0.29900201490949263,0.010145797832575132,abstain,0.9040621,c_2080
c_1070,Health & Wellness Seeker,0.9852314375837852,0.09599483148514776,0.8892366060986374,suggest,0.9059433,c_0621
c_1073,Tech Enthusiast,0.8991381911921886,0.6938381903946119,0.2053000007975767,suggest,0.8232072,c_2006
c_1075,Tech Enthusiast,0.33550761048877964,0.24983550578810035,0.08567210470067929,abstain,0.68371475,c_2418
c_1076,Tech Enthusiast,0.9475873663777132,0.19761642029712925,0.749970946080584,suggest,0.7079067,c_2218
c_1077,Tech Enthusiast,0.8825542471140853,0.489342439411153,0.39321180770293224,suggest,0.7356976,c_1579
c_1079,Tech Enthusiast,0.5309184152900868,0.4585074367179365,0.07241097857215029,suggest_with_caution,0.8185089,c_1122
c_1080,Traveler & Leisure,0.9948612719818635,0.14054026849908607,0.8543210034827774,suggest,0.53712076,c_2339
c_1081,Student & Learner,0.9553506680569012,0.3259277177515854,0.6294229503053157,suggest,0.7279695,c_2461
c_1082,Tech Enthusiast,0.9978194207146294,0.17082122328313293,0.8269981974314964,suggest,0.7766548,c_0573
c_1083,Homeowner,0.9651293956236766,0.19287144617882626,0.7722579494448504,suggest,0.8047434,c_0367
c_1084,Tech Enthusiast,0.9706605610919427,0.21355777341823753,0.7571027876737051,suggest,0.78414124,c_1785
c_1087,Tech Enthusiast,0.29587101233584845,0.269284055421036,0.026586956914812443,abstain,0.600939,c_1449
c_1088,Traveler & Leisure,0.937364749718093,0.6450001542044201,0.2923645955136729,suggest,0.6545171,c_1404
c_1089,Small Business & B2B,0.5594731670426915,0.49246249752457794,0.06701066951811352,suggest_with_caution,0.71473646,c_2170
c_1090,Traveler & Leisure,0.9763759319727084,0.15252582528451308,0.8238501066881954,suggest,0.7062596,c_1885
c_1091,Student & Learner,0.6741437366056633,0.6066006191435986,0.06754311746206465,suggest_with_caution,0.6614225,c_1074
c_1092,Traveler & Leisure,0.26734214170361376,0.17761099439758166,0.0897311473060321,abstain,0.82341284,c_2672
c_1093,Small Business & B2B,0.36725532004071026,0.15363283470479652,0.21362248533591374,abstain,0.7915841,c_2870
c_1094,Retiree & Senior,0.8731167817150753,0.516233879693201,0.35688290202187434,suggest,0.7924563,c_2714
c_1095,Traveler & Leisure,0.8136880862958864,0.3066057594981849,0.5070823267977015,suggest,0.7440579,c_2287
c_1096,Small Business & B2B,0.4221241259269722,0.36952927568720834,0.052594850239763846,abstain,0.63889176,c_0367
c_1097,Student & Learner,0.8695333410269152,0.4330845452678904,0.43644879575902473,suggest,0.7723784,c_1611
c_1098,Traveler & Leisure,0.8658523219650243,0.30429086443488085,0.5615614575301434,suggest,0.7687877,c_1049
c_1099,Retiree & Senior,0.9691284924673408,0.3921770934625112,0.5769513990048296,suggest,0.9436151,c_2752
c_1100,Retiree & Senior,0.8214854312014346,0.34918939225664974,0.47229603894478484,suggest,0.9436615,c_2752
c_1101,Student & Learner,0.5302582063942285,0.20155304638827723,0.3287051600059513,suggest_with_caution,0.7514403,c_1848
c_1102,Student & Learner,0.6076542186715965,0.305256962348602,0.3023972563229945,suggest,0.8307812,c_1065
c_1103,Traveler & Leisure,0.9412912865848642,0.11614371106456076,0.8251475755203034,suggest,0.6746341,c_1907
c_1104,Student & Learner,0.9665747926809116,0.3817518280106374,0.5848229646702743,suggest,0.75860065,c_2205
c_1105,Student & Learner,0.8161663349331948,0.3782742987628917,0.4378920361703031,suggest,0.79030085,c_0938
c_1106,Traveler & Leisure,0.4004847239912553,0.32599389536022194,0.07449082863103335,abstain,0.69451165,c_0573
c_1108,Small Business & B2B,0.9772327486912837,0.131278141314701,0.8459546073765827,suggest,0.85231125,c_1902
c_1109,Student & Learner,0.809648054739742,0.18035847333348612,0.6292895814062559,suggest,0.81292707,c_2630
c_1111,Homeowner,0.506252736650425,0.33283358256197626,0.17341915408844877,suggest_with_caution,0.7244094,c_0367
c_1112,Traveler & Leisure,0.9649217888216883,0.08400632277609021,0.8809154660455981,suggest,0.64231235,c_2823
c_1113,Small Business & B2B,0.9769226589115658,0.06355661000992521,0.9133660489016406,suggest,0.91748327,c_0752
c_1114,Small Business & B2B,0.4794536078348719,0.39694154555592437,0.08251206227894753,suggest_with_caution,0.8072951,c_1683
c_1115,Tech Enthusiast,0.9304377398260861,0.1483803949573923,0.7820573448686938,suggest,0.6829307,c_2601
c_1116,Homeowner,0.8531531526340858,0.8079855017886274,0.045167650845458374,suggest_with_caution,0.99645406,c_2378
c_1117,Homeowner,0.44516485259589045,0.38130289144161733,0.06386196115427312,abstain,0.67289144,c_1404
c_1118,Student & Learner,0.8760438571033109,0.3428255253233499,0.533218331779961,suggest,0.6808153,c_1998
c_1119,Tech Enthusiast,0.6323339732584217,0.2423486989061767,0.38998527435224495,suggest,0.7828281,c_0573
c_1120,Health & Wellness Seeker,0.5662893113974463,0.18217390032724698,0.3841154110701993,suggest_with_caution,0.79945207,c_1250
c_1121,Health & Wellness Seeker,0.5041549943203409,0.47888316319424706,0.02527183112609388,suggest_with_caution,0.81045836,c_1994
c_1126,Traveler & Leisure,0.9293372874153042,0.4649554217374941,0.4643818656778101,suggest,0.74210525,c_2823
c_1129,Student & Learner,0.3903226222798647,0.3154297564403138,0.0748928658395509,abstain,0.8580571,c_2781
c_1131,Tech Enthusiast,0.8608343750133914,0.26942295088266055,0.5914114241307309,suggest,0.7468497,c_1128
c_1132,Health & Wellness Seeker,0.9455599194040274,0.1250909345585583,0.8204689848454692,suggest,0.7818254,c_1994
c_1133,Traveler & Leisure,0.9138664840413442,0.12518075854585248,0.7886857254954918,suggest,0.8752001,c_1783
c_1134,Traveler & Leisure,0.9852000234042804,0.5647919384709326,0.4204080849333478,suggest,0.66483,c_0573
c_1136,Health & Wellness Seeker,0.8810182696918956,0.07319747331466976,0.8078207963772258,suggest,0.88022786,c_0751
c_1137,Small Business & B2B,0.49246635333828465,0.1915904133639778,0.30087593997430684,suggest_with_caution,0.69369125,c_1203
c_1138,Retiree & Senior,0.9729538168086617,0.33833268240568565,0.634621134402976,suggest,0.7762028,c_2112
c_1139,Small Business & B2B,0.28806837637064303,0.2157626851631946,0.07230569120744842,abstain,0.87298995,c_1122
c_1140,Small Business & B2B,0.5198461623202227,0.3789085522300931,0.14093761009012962,suggest_with_caution,0.6308215,c_1013
c_1141,Traveler & Leisure,0.4989784631832261,0.3597656549980053,0.1392128081852208,suggest_with_caution,0.6357444,c_0367
c_1142,Homeowner,0.5477911647674082,0.22368789056613225,0.32410327420127594,suggest_with_caution,0.81119716,c_2058
c_1143,Student & Learner,0.8748833495116574,0.4116670006472696,0.4632163488643878,suggest,0.7040304,c_2208
c_1144,Traveler & Leisure,0.7694058880160992,0.37434557180321393,0.3950603162128853,suggest,0.6935337,c_2363
c_1145,Traveler & Leisure,0.9567031716684757,0.4627964579989379,0.4939067136695378,suggest,0.9224384,c_1522
c_1146,Tech Enthusiast,0.9762148626145591,0.17735988838593464,0.7988549742286245,suggest,0.657561,c_0901
c_1147,Tech Enthusiast,0.18254281354448368,0.17832634075483528,0.004216472789648401,abstain,0.62080145,c_0664
c_1148,Health & Wellness Seeker,0.9961546581653302,0.4093389813342028,0.5868156768311275,suggest,0.71242446,c_2164
c_1151,Health & Wellness Seeker,0.9264455470745336,0.24008962989071284,0.6863559171838208,suggest,0.7257551,c_2075
c_1152,Tech Enthusiast,0.8596511119955004,0.27107322148535373,0.5885778905101466,suggest,0.785988,c_1579
c_1153,Student & Learner,0.9438727359453561,0.10025027875195724,0.8436224571933989,suggest,0.7766204,c_2782
c_1154,Traveler & Leisure,0.8476909861046061,0.16389280774262507,0.6837981783619811,suggest,0.90218264,c_0835
c_1155,Homeowner,0.9237827779496433,0.2855934675956999,0.6381893103539433,suggest,0.82608134,c_2781
c_1156,Tech Enthusiast,0.7966146279229694,0.5052633401527602,0.29135128777020924,suggest,0.6688861,c_1883
c_1158,Student & Learner,0.9591538925990308,0.13297997953561175,0.8261739130634191,suggest,0.6773325,c_2384
c_1160,Small Business & B2B,0.4730484123211568,0.29746056054794934,0.17558785177320746,suggest_with_caution,0.8084735,c_1792
c_1161,Health & Wellness Seeker,0.49787867976109,0.41410180317149553,0.08377687658959448,suggest_with_caution,0.67713076,c_0910
c_1163,Traveler & Leisure,0.5722460493552538,0.2804629202792137,0.2917831290760401,suggest_with_caution,0.6390487,c_2855
c_1164,Student & Learner,0.7103838729145361,0.1191439074887373,0.5912399654257988,suggest,0.7007205,c_0631
c_1167,Tech Enthusiast,0.9654647058380086,0.6315136159216369,0.3339510899163717,suggest,0.67073977,c_1579
c_1168,Health & Wellness Seeker,0.9548738504794634,0.312656846859215,0.6422170036202484,suggest,0.7182357,c_2613
c_1170,Student & Learner,0.4560540114078053,0.15264992070011088,0.3034040907076945,suggest_with_caution,0.77803713,c_2714
c_1171,Tech Enthusiast,0.5763806763268966,0.14383563597486268,0.4325450403520339,suggest_with_caution,0.706917,c_2823
c_1172,Small Business & B2B,0.734783236226657,0.28070989723620343,0.45407333899045355,suggest,0.8219617,c_1122
c_1174,Traveler & Leisure,0.9347882483036105,0.09314071081317142,0.8416475374904391,suggest,0.79910976,c_1278
c_1175,Student & Learner,0.9752172862573956,0.21680515599612876,0.7584121302612667,suggest,0.68555045,c_1205
c_1177,Traveler & Leisure,0.7677590785229241,0.76006883792851,0.007690240594414144,suggest_with_caution,0.73577017,c_2865
c_1178,Tech Enthusiast,0.5191646949889517,0.42614603207479534,0.09301866291415634,suggest_with_caution,0.81808347,c_2328
c_1181,Traveler & Leisure,0.9539438940402508,0.14263997378440346,0.8113039202558474,suggest,0.6236452,c_2437
c_1182,Traveler & Leisure,0.9360782292085605,0.10657785862673612,0.8295003705818245,suggest,0.731963,c_1278
c_1183,Student & Learner,0.9081502912276714,0.19878897294006542,0.709361318287606,suggest,0.8024148,c_1404
c_1184,Student & Learner,0.7783038149833188,0.4028328274976198,0.375470987485699,suggest,0.6918432,c_1250
c_1185,Health & Wellness Seeker,0.46392704035582155,0.3415134095429135,0.12241363081290807,suggest_with_caution,0.73447645,c_1994
c_1186,Tech Enthusiast,0.39879095079104404,0.26271067571225915,0.1360802750787849,abstain,0.7835832,c_1848
c_1187,Traveler & Leisure,0.8878748743634075,0.3878227693729653,0.5000521049904423,suggest,0.77549464,c_0840
c_1188,Small Business & B2B,0.9030104099335852,0.4149602335370655,0.48805017639651965,suggest,0.92897564,c_2436
c_1190,Traveler & Leisure,0.5994740183409765,0.21536564546167458,0.3841083728793019,suggest_with_caution,0.63497937,c_2007
c_1191,Health & Wellness Seeker,0.5544006611342347,0.37203007742577415,0.18237058370846054,suggest_with_caution,0.8006502,c_1122
c_1193,Traveler & Leisure,0.8016649368581001,0.13576125210312723,0.6659036847549729,suggest,0.7300708,c_2865
c_1194,Tech Enthusiast,0.7767898984576767,0.2617983318073733,0.5149915666503033,suggest,0.7663615,c_1446
c_1195,Health & Wellness Seeker,0.7774940095835763,0.3225589626240094,0.4549350469595669,suggest,0.7685365,c_1994
c_1196,Homeowner,0.863033625602011,0.4265392110976587,0.43649441450435233,suggest,0.96279424,c_2378
c_1197,Traveler & Leisure,0.4935964745750128,0.15675130996523198,0.33684516460978087,suggest_with_caution,0.7565995,c_2865
c_1199,Tech Enthusiast,0.3897915938834137,0.24627235019027166,0.14351924369314206,abstain,0.6228188,c_2091
c_1200,Small Business & B2B,0.9150377499328635,0.6066947353114577,0.3083430146214058,suggest,0.6892519,c_1514
c_1201,Small Business & B2B,0.9470283084531036,0.20167488593409982,0.7453534225190037,suggest,0.6654912,c_1377
c_1202,Traveler & Leisure,0.8753163376844877,0.1345073232184951,0.7408090144659926,suggest,0.55777025,c_0573
c_1204,Homeowner,0.9678190902912144,0.3905742227828272,0.5772448675083872,suggest,0.6761489,c_1387
c_1206,Tech Enthusiast,0.9191433475562433,0.06029593967283974,0.8588474078834035,suggest,0.72832435,c_1453
c_1207,Small Business & B2B,0.6895801653037315,0.4780179322179802,0.21156223308575123,suggest,0.7743711,c_2776
c_1208,Traveler & Leisure,0.734839697191901,0.4105703165703924,0.3242693806215086,suggest,0.6177236,c_0401
c_1209,Homeowner,0.8200640701074358,0.34292883615052744,0.4771352339569083,suggest,0.7822563,c_1065
c_1210,Traveler & Leisure,0.5519200745733596,0.4020618198604311,0.14985825471292846,suggest_with_caution,0.6743678,c_0473
c_1211,Small Business & B2B,0.7259262388752425,0.376086430507115,0.34983980836812756,suggest,0.63933873,c_1446
c_1212,Small Business & B2B,0.4466857122450464,0.3420950682139738,0.1045906440310726,abstain,0.81005317,c_1792
c_1213,Traveler & Leisure,0.9607239157977684,0.08240295226475876,0.8783209635330096,suggest,0.7809864,c_2083
c_1214,Traveler & Leisure,0.41379880450436807,0.22453536060090767,0.1892634439034604,abstain,0.6513469,c_2487
c_1215,Tech Enthusiast,0.7963370969869387,0.3691693658166216,0.4271677311703171,suggest,0.76188576,c_1049
c_1216,Parent & Family,0.6081171351916569,0.45368926842078994,0.15442786677086695,suggest,0.67022777,c_2286
c_1217,Homeowner,0.700296995850338,0.37935893018781736,0.32093806566252064,suggest,0.7278884,c_1967
c_1218,Student & Learner,0.3113824791320188,0.26422935480253973,0.047153124329479046,abstain,0.7281131,c_1065
c_1220,Student & Learner,0.8605871474260182,0.15426831657841755,0.7063188308476006,suggest,0.78243595,c_2434
c_1221,Traveler & Leisure,0.8396537428334492,0.5510507123651829,0.2886030304682663,suggest,0.675241,c_0840
c_1222,Traveler & Leisure,0.2869790875067943,0.20179257317659127,0.08518651433020302,abstain,0.77312076,c_2313
c_1223,Small Business & B2B,0.4752992250712878,0.32204881036975735,0.15325041470153045,suggest_with_caution,0.75703055,c_1065
c_1224,Traveler & Leisure,0.5702365496855671,0.32658616776326604,0.2436503819223011,suggest_with_caution,0.7426071,c_1049
c_1225,Tech Enthusiast,0.7956220459022986,0.3196124944499096,0.476009551452389,suggest,0.7617775,c_0573
c_1226,Traveler & Leisure,0.5124833266420608,0.45870901756146515,0.053774309080595606,suggest_with_caution,0.7732837,c_1404
c_1227,Homeowner,0.854291744070961,0.3937751355097189,0.4605166085612421,suggest,0.72400784,c_0367
c_1228,Health & Wellness Seeker,0.5795677583430154,0.33790465630292454,0.2416631020400909,suggest_with_caution,0.7389659,c_1122
c_1229,Retiree & Senior,0.8194806094257929,0.3661426627297431,0.4533379466960498,suggest,0.77539426,c_1192
c_1230,Traveler & Leisure,0.34396031092379425,0.17087070003916865,0.1730896108846256,abstain,0.7902045,c_2714
c_1232,Health & Wellness Seeker,0.9966510939731504,0.06161861974411311,0.9350324742290373,suggest,0.77015746,c_0458
c_1233,Tech Enthusiast,0.9542422524887416,0.19721840027818005,0.7570238522105616,suggest,0.8630932,c_2111
c_1234,Student & Learner,0.4539118368640964,0.39398683414200475,0.05992500272209167,suggest_with_caution,0.7526033,c_2243
c_1235,Retiree & Senior,0.891099346201408,0.4721810943293847,0.41891825187202325,suggest,0.78760076,c_0839
c_1236,Homeowner,0.929979022091501,0.27298982821705203,0.656989193874449,suggest,0.76283133,c_1718
c_1237,Parent & Family,0.7633818963714659,0.20106348139864588,0.56231841497282,suggest,0.78545606,c_2286
c_1238,Traveler & Leisure,0.7789449219737791,0.6684460524964116,0.11049886947736742,suggest,0.71605426,c_0693
c_1239,Traveler & Leisure,0.5127567428939214,0.4969188379749046,0.015837904919016765,suggest_with_caution,0.71086466,c_0473
c_1242,Traveler & Leisure,0.7965012936140161,0.5336442822372882,0.2628570113767279,suggest,0.91269,c_0390
c_1243,Traveler & Leisure,0.4589805253766032,0.4487040042206618,0.01027652115594141,suggest_with_caution,0.7434327,c_2630
c_1244,Homeowner,0.8475541560522993,0.8443613788962607,0.0031927771560386065,suggest_with_caution,0.8229906,c_1078
c_1245,Small Business & B2B,0.9986448944534786,0.14876530715085065,0.8498795873026279,suggest,0.702538,c_0863
c_1246,Student & Learner,0.5329707579898033,0.387770943211985,0.1451998147778183,suggest_with_caution,0.75557995,c_2776
c_1248,Homeowner,0.5538822134304304,0.45009914560158976,0.10378306782884067,suggest_with_caution,0.83637094,c_1404
c_1249,Small Business & B2B,0.3847790468043038,0.32188075944085176,0.06289828736345204,abstain,0.7245203,c_1991
c_1251,Traveler & Leisure,0.9588132385536678,0.5182133999158589,0.44059983863780894,suggest,0.7801238,c_0327
c_1253,Small Business & B2B,0.44655812717299204,0.31940696286343756,0.12715116430955448,abstain,0.7367452,c_2436
c_1254,Student & Learner,0.8610727149652391,0.2425919491047042,0.6184807658605349,suggest,0.77397805,c_1122
c_1255,Health & Wellness Seeker,0.8088510311822744,0.3646042600470795,0.4442467711351949,suggest,0.8455605,c_0839
c_1256,Parent & Family,0.5842367136811365,0.3623770136592775,0.221859700021859,suggest_with_caution,0.7371271,c_1311
c_1257,Student & Learner,0.9246702972730296,0.32805917786395106,0.5966111194090786,suggest,0.7914894,c_1998
c_1258,Tech Enthusiast,0.8406550062362205,0.22724779099120324,0.6134072152450172,suggest,0.62128603,c_1848
c_1259,Health & Wellness Seeker,0.8003711611152569,0.44838968493717135,0.3519814761780855,suggest,0.71872735,c_2542
c_1260,Health & Wellness Seeker,0.8230215588833608,0.7447461748120358,0.07827538407132506,suggest_with_caution,0.72487766,c_2570
c_1261,Homeowner,0.926457298284949,0.24897146618275068,0.6774858321021984,suggest,0.7974366,c_1404
c_1262,Health & Wellness Seeker,0.17458435840510422,0.1308026361137022,0.043781722291402037,abstain,0.67502445,c_2865
c_1263,Tech Enthusiast,0.879260188627827,0.3621340620193098,0.5171261266085172,suggest,0.91147286,c_2006
c_1264,Health & Wellness Seeker,0.8129562730122751,0.5159201876270542,0.29703608538522097,suggest,0.90890825,c_1883
c_1265,Tech Enthusiast,0.689474096410025,0.42536186010502924,0.26411223630499575,suggest,0.7277105,c_2474
c_1269,Traveler & Leisure,0.9628670086580892,0.12572302605704763,0.8371439826010415,suggest,0.74671686,c_0345
c_1270,Traveler & Leisure,0.8787067416166734,0.44620625646551965,0.43250048515115375,suggest,0.6857082,c_1278
c_1271,Small Business & B2B,0.3323340872748035,0.21538695581843395,0.11694713145636956,abstain,0.87419367,c_1122
c_1272,Small Business & B2B,0.753723998730572,0.5173657213884555,0.23635827734211656,suggest,0.8010481,c_0907
c_1274,Homeowner,0.6674268265533899,0.27591331676641373,0.3915135097869762,suggest,0.78939724,c_1931
c_1275,Tech Enthusiast,0.9260192765743549,0.19651555922365843,0.7295037173506964,suggest,0.8008868,c_0573
c_1277,Tech Enthusiast,0.6356459847831692,0.1816083479300304,0.45403763685313886,suggest,0.634509,c_2061
c_1279,Student & Learner,0.7537551147946494,0.2055196502869211,0.5482354645077283,suggest,0.7281945,c_2496
c_1280,Health & Wellness Seeker,0.8499401217424568,0.41445589673464445,0.43548422500781236,suggest,0.7746926,c_1883
c_1281,Tech Enthusiast,0.45780431474549926,0.3812166828850324,0.07658763186046685,suggest_with_caution,0.7177478,c_1127
c_1282,Small Business & B2B,0.8771803763969752,0.1553172673606038,0.7218631090363714,suggest,0.7219315,c_0176
c_1283,Tech Enthusiast,0.9351115850347289,0.21496549651707073,0.7201460885176582,suggest,0.8725486,c_2005
c_1284,Traveler & Leisure,0.8244608822645954,0.0561309521422114,0.7683299301223839,suggest,0.722402,c_1065
c_1285,Student & Learner,0.9533518017601512,0.39560894081290743,0.5577428609472438,suggest,0.7618343,c_2205
c_1288,Homeowner,0.3373876207384278,0.2545094439160616,0.0828781768223662,abstain,0.75105417,c_0473
c_1290,Traveler & Leisure,0.9827844782914498,0.16357800781289772,0.819206470478552,suggest,0.68553483,c_2487
c_1291,Traveler & Leisure,0.5131435026481934,0.29533156296968566,0.21781193967850776,suggest_with_caution,0.65709645,c_0117
c_1292,Parent & Family,0.8550910263509347,0.3082480027539152,0.5468430235970195,suggest,0.6989368,c_1983
c_1293,Small Business & B2B,0.5837619180224441,0.5214895175385231,0.06227240048392102,suggest_with_caution,0.7133138,c_0390
c_1294,Homeowner,0.5186987471826623,0.25497331413962293,0.26372543304303936,suggest_with_caution,0.7958999,c_2714
c_1295,Tech Enthusiast,0.9848829085521813,0.5302740654928997,0.4546088430592816,suggest,0.7084364,c_0390
c_1296,Health & Wellness Seeker,0.9966384185855185,0.038382748466165455,0.9582556701193531,suggest,0.87603307,c_1286
c_1297,Traveler & Leisure,0.5510434314762199,0.33398150427534296,0.21706192720087697,suggest_with_caution,0.7139347,c_2823
c_1298,Traveler & Leisure,0.5782470130047792,0.5287248160014456,0.0495221970033336,suggest_with_caution,0.76508415,c_1049
c_1299,Traveler & Leisure,0.9591873493991018,0.08413081378494101,0.8750565356141607,suggest,0.88734657,c_0679
c_1300,Tech Enthusiast,0.9988882423161107,0.11290290504279024,0.8859853372733205,suggest,0.841467,c_2180
c_1301,Small Business & B2B,0.7906710509029181,0.3847301861088182,0.4059408647940999,suggest,0.89751375,c_1800
c_1302,Small Business & B2B,0.9708851193916299,0.06835778875605297,0.902527330635577,suggest,0.7693281,c_0863
c_1303,Traveler & Leisure,0.8105340580979667,0.23075596135436607,0.5797780967436007,suggest,0.7511525,c_1247
c_1304,Tech Enthusiast,0.6064819880078532,0.40585216109899197,0.20062982690886128,suggest,0.8441334,c_0904
c_1305,Student & Learner,0.9750097929723188,0.447810330497543,0.5271994624747758,suggest,0.7999583,c_2205
c_1306,Tech Enthusiast,0.9941123975661825,0.8640220425430603,0.13009035502312227,suggest,0.86983496,c_2313
c_1307,Health & Wellness Seeker,0.2948394733535407,0.18497187090971473,0.10986760244382598,abstain,0.82454515,c_2714
c_1308,Health & Wellness Seeker,0.9548955455193828,0.7379502829362466,0.21694526258313618,suggest,0.6509708,c_1123
c_1309,Tech Enthusiast,0.8731019812000906,0.2355248005676256,0.637577180632465,suggest,0.7654872,c_0000
c_1310,Homeowner,0.5832844831737442,0.4760709082559697,0.10721357491777445,suggest_with_caution,0.5500407,c_1404
c_1312,Small Business & B2B,0.7169795481325921,0.23802876278794155,0.4789507853446506,suggest,0.7264618,c_2802
c_1313,Small Business & B2B,0.7353120106838658,0.23949422362679312,0.49581778705707263,suggest,0.79318553,c_1122
c_1315,Traveler & Leisure,0.7259336709298547,0.0635794798571703,0.6623541910726845,suggest,0.6183533,c_2266
c_1316,Student & Learner,0.38879833051491985,0.25105716843884435,0.1377411620760755,abstain,0.8964072,c_2577
c_1317,Tech Enthusiast,0.9253599724162388,0.1494647834727153,0.7758951889435235,suggest,0.7406239,c_2802
c_1318,Student & Learner,0.2472920652890786,0.21115255027844745,0.036139515010631146,abstain,0.7811945,c_1998
c_1320,Tech Enthusiast,0.4287647310459754,0.19498187547300536,0.23378285557297004,abstain,0.5874268,c_1883
c_1321,Traveler & Leisure,0.7955512316868129,0.30998876009293574,0.4855624715938771,suggest,0.6347168,c_2286
c_1322,Small Business & B2B,0.9414219988840072,0.10787204199438137,0.8335499568896259,suggest,0.6760733,c_2705
c_1323,Small Business & B2B,0.7505184200105406,0.4049165259790499,0.34560189403149066,suggest,0.7646316,c_1611
c_1325,Traveler & Leisure,0.8706613794951692,0.16885467989938535,0.7018066995957839,suggest,0.7700887,c_2865
c_1327,Traveler & Leisure,0.9381741225719283,0.17182649190487517,0.7663476306670531,suggest,0.9021963,c_1521
c_1330,Traveler & Leisure,0.9571127507196083,0.10636665886774355,0.8507460918518648,suggest,0.75684375,c_0679
c_1332,Retiree & Senior,0.30377701789905787,0.30270921719168875,0.0010678007073691154,abstain,0.68401605,c_2363
c_1333,Traveler & Leisure,0.5734208236029675,0.3871048295417875,0.18631599406118005,suggest_with_caution,0.71560204,c_0840
c_1336,Student & Learner,0.9054789680977516,0.21475636979909518,0.6907225982986565,suggest,0.8943623,c_2398
c_1337,Small Business & B2B,0.7812600844861062,0.5408187352792853,0.24044134920682092,suggest,0.6504172,c_1991
c_1338,Homeowner,0.5600024066757519,0.24130552815279768,0.31869687852295414,suggest_with_caution,0.793107,c_2714
c_1339,Homeowner,0.5334983106294112,0.2487456429236885,0.2847526677057227,suggest_with_caution,0.8292898,c_2328
c_1340,Student & Learner,0.9218683942380719,0.37542005863414646,0.5464483356039254,suggest,0.74328345,c_2772
c_1342,Student & Learner,0.8882902576519784,0.239244684031315,0.6490455736206635,suggest,0.8031522,c_2801
c_1343,Student & Learner,0.9922806377644572,0.3528675924044099,0.6394130453600473,suggest,0.8022072,c_1998
c_1344,Traveler & Leisure,0.6962596852383182,0.18073288985908328,0.5155267953792348,suggest,0.7010697,c_1579
c_1345,Traveler & Leisure,0.9499089055499108,0.06713897387265368,0.8827699316772571,suggest,0.72073835,c_1706
c_1346,Student & Learner,0.8156242693946869,0.3268563260680093,0.4887679433266776,suggest,0.7457776,c_0000
c_1347,Small Business & B2B,0.7550252404186586,0.5114113598295642,0.2436138805890944,suggest,0.6892415,c_0752
c_1348,Tech Enthusiast,0.6719268934025319,0.1694220189418755,0.5025048744606564,suggest,0.8293744,c_1072
c_1350,Traveler & Leisure,0.4896256254366585,0.13194752225439163,0.3576781031822669,suggest_with_caution,0.8066345,c_2865
c_1351,Traveler & Leisure,0.9519011018306177,0.1214787059477168,0.8304223958829009,suggest,0.76199186,c_1706
c_1352,Traveler & Leisure,0.8263207333417095,0.2886882485578756,0.5376324847838339,suggest,0.6506038,c_1250
c_1354,Traveler & Leisure,0.6382599912842657,0.29532341915555715,0.34293657212870854,suggest,0.8176472,c_1049
c_1355,Student & Learner,0.7758815769618451,0.4457697140004507,0.33011186296139444,suggest,0.81409025,c_1611
c_1356,Homeowner,0.9562998285106318,0.24356842626420183,0.71273140224643,suggest,0.9491951,c_2876
c_1357,Student & Learner,0.9956924135703257,0.6955507353933247,0.300141678177001,suggest,0.73694044,c_1431
c_1359,Health & Wellness Seeker,0.6626127799483887,0.3307621844529465,0.33185059549544227,suggest,0.80184484,c_0473
c_1360,Traveler & Leisure,0.7164504855163231,0.26598213404572923,0.45046835147059383,suggest,0.7239484,c_1203
c_1364,Traveler & Leisure,0.7818093884857649,0.25710458857706103,0.5247047999087038,suggest,0.7080217,c_1049
c_1366,Parent & Family,0.9335476741712547,0.2832483785176146,0.6502992956536402,suggest,0.7492196,c_2378
c_1367,Small Business & B2B,0.5424454253937423,0.3523779749687379,0.1900674504250044,suggest_with_caution,0.74209404,c_0453
c_1368,Retiree & Senior,0.9917627733525369,0.23505835500059782,0.7567044183519391,suggest,0.961036,c_1639
c_1369,Traveler & Leisure,0.9331190357026572,0.11219660065302736,0.8209224350496298,suggest,0.70697606,c_1490
c_1370,Tech Enthusiast,0.47704574118288,0.3055774702043816,0.17146827097849843,suggest_with_caution,0.6807255,c_1463
c_1371,Small Business & B2B,0.726777503956993,0.2948469829759246,0.43193052098106843,suggest,0.68857485,c_1848
c_1372,Traveler & Leisure,0.989443240413743,0.06384620077473316,0.9255970396390099,suggest,0.6970534,c_2045
c_1373,Small Business & B2B,0.7817849953992061,0.4137633301575721,0.368021665241634,suggest,0.74102753,c_2564
c_1374,Small Business & B2B,0.8551082031372821,0.19521895968271338,0.6598892434545687,suggest,0.69392383,c_2776
c_1375,Small Business & B2B,0.9894938928294872,0.15091855255613223,0.8385753402733549,suggest,0.8383618,c_2462
c_1378,Traveler & Leisure,0.6268268778489551,0.3779869071393991,0.248839970709556,suggest,0.69543606,c_2865
c_1379,Homeowner,0.8338519937917512,0.27523468706155424,0.5586173067301969,suggest,0.5844546,c_1449
c_1380,Student & Learner,0.9806922716482317,0.2539908779931829,0.7267013936550488,suggest,0.758803,c_1998
c_1381,Traveler & Leisure,0.9844046845513408,0.21497233236814337,0.7694323521831974,suggest,0.6057321,c_0913
c_1382,Health & Wellness Seeker,0.8471337387995737,0.8112382093834795,0.035895529416094196,suggest_with_caution,0.8014833,c_0694
c_1383,Tech Enthusiast,0.968685147569522,0.23665967925198259,0.7320254683175393,suggest,0.8416908,c_2218
c_1384,Tech Enthusiast,0.6531801627305807,0.6035201190486982,0.04966004368188248,suggest_with_caution,0.8079532,c_2806
c_1385,Small Business & B2B,0.906845699949423,0.2654001659027403,0.6414455340466827,suggest,0.73370624,c_1954
c_1386,Small Business & B2B,0.948555788729156,0.17343646237062343,0.7751193263585325,suggest,0.7572226,c_1122
c_1388,Homeowner,0.988835528054046,0.22965432949718337,0.7591811985568626,suggest,0.7452688,c_0367
c_1389,Traveler & Leisure,0.8981607442237499,0.1687233475819184,0.7294373966418315,suggest,0.6990046,c_0000
c_1390,Student & Learner,0.7901616943407744,0.31713066251905875,0.4730310318217157,suggest,0.7981623,c_1287
c_1391,Student & Learner,0.7889805922096221,0.14654762260603268,0.6424329696035894,suggest,0.75097406,c_0860
c_1392,Tech Enthusiast,0.681622655736957,0.1687897097985271,0.51283294593843,suggest,0.68882495,c_1792
c_1393,Retiree & Senior,0.9376539340368398,0.3417664057527827,0.5958875282840571,suggest,0.85553986,c_1192
c_1394,Traveler & Leisure,0.7750213949796292,0.23779297978715278,0.5372284151924764,suggest,0.6466577,c_2549
c_1395,Traveler & Leisure,0.6832199248125641,0.6203924222083463,0.06282750260421777,suggest_with_caution,0.7292515,c_1792
c_1396,Small Business & B2B,0.3192307902166883,0.17918505591344158,0.14004573430324674,abstain,0.80554515,c_1122
c_1397,Health & Wellness Seeker,0.7506616615258084,0.45091631069887367,0.2997453508269347,suggest,0.7263231,c_1967
c_1398,Student & Learner,0.9509881188829205,0.2693354271444242,0.6816526917384962,suggest,0.80828,c_1998
c_1399,Health & Wellness Seeker,0.9205953148727608,0.38793708118061687,0.5326582336921439,suggest,0.68123335,c_1729
c_1400,Small Business & B2B,0.3619424187566597,0.23505660930115282,0.1268858094555069,abstain,0.7348191,c_1404
c_1401,Traveler & Leisure,0.9850247989189397,0.16418772794539993,0.8208370709735398,suggest,0.5626056,c_1157
c_1403,Student & Learner,0.6158690821668268,0.36598113096168305,0.24988795120514373,suggest,0.72901505,c_2865
c_1405,Homeowner,0.6847724840892826,0.6188225465917877,0.06594993749749489,suggest_with_caution,0.76498026,c_1166
c_1407,Health & Wellness Seeker,0.9479023674749499,0.1491021487950082,0.7988002186799418,suggest,0.7575098,c_1514
c_1408,Tech Enthusiast,0.8045236389254544,0.7125344137533078,0.09198922517214658,suggest_with_caution,0.7471477,c_0359
c_1409,Homeowner,0.5427444506803507,0.4405719966219708,0.10217245405837994,suggest_with_caution,0.7679733,c_1065
c_1410,Small Business & B2B,0.8610122144286382,0.1384672028877291,0.7225450115409091,suggest,0.73783004,c_1902
c_1411,Traveler & Leisure,0.38302726218698774,0.25475894538242305,0.12826831680456469,abstain,0.70266193,c_0840
c_1412,Homeowner,0.3181107009740957,0.24472636947429746,0.07338433149979826,abstain,0.8033423,c_1892
c_1413,Tech Enthusiast,0.9895954779445177,0.34635602504015256,0.6432394529043652,suggest,0.72524846,c_0573
c_1415,Tech Enthusiast,0.818432332853012,0.16912133537079677,0.6493109974822152,suggest,0.8221808,c_2218
c_1416,Health & Wellness Seeker,0.9871568695476333,0.5600220140339149,0.4271348555137183,suggest,0.6499768,c_1963
c_1417,Health & Wellness Seeker,0.9795353117431435,0.16800140710103975,0.8115339046421037,suggest,0.73663056,c_1994
c_1418,Small Business & B2B,0.9262708089999087,0.18174858837542934,0.7445222206244793,suggest,0.8470883,c_1122
c_1419,Health & Wellness Seeker,0.8893472261323215,0.5479898599623994,0.3413573661699222,suggest,0.7126792,c_0465
c_1420,Small Business & B2B,0.7939269880484198,0.1484566367034921,0.6454703513449277,suggest,0.75343925,c_2802
c_1422,Tech Enthusiast,0.6217410684838932,0.17924272714668749,0.4424983413372057,suggest,0.7914687,c_1122
c_1423,Student & Learner,0.6386179341028572,0.5597789703766268,0.07883896372623034,suggest_with_caution,0.69825494,c_1203
c_1424,Health & Wellness Seeker,0.5957812305502733,0.3720672677698974,0.22371396278037592,suggest_with_caution,0.95529205,c_0444
c_1425,Traveler & Leisure,0.4306159487714971,0.40069718499809903,0.029918763773398083,abstain,0.69810605,c_0266
c_1426,Parent & Family,0.8515568841627553,0.49444357747972173,0.3571133066830336,suggest,0.66903526,c_1331
c_1427,Homeowner,0.8692478262891227,0.15338784919678175,0.715859977092341,suggest,0.73335844,c_1065
c_1428,Traveler & Leisure,0.9925131189656633,0.11170211968469028,0.8808109992809731,suggest,0.704069,c_2045
c_1429,Homeowner,0.5921938928046802,0.31778570827039654,0.2744081845342836,suggest_with_caution,0.78583294,c_1065
c_1432,Tech Enthusiast,0.6442970413855533,0.246821405557415,0.39747563582813833,suggest,0.88309175,c_2107
c_1433,Small Business & B2B,0.9253185493554498,0.7174756060739408,0.20784294328150899,suggest,0.99999976,c_2781
c_1435,Homeowner,0.8564071735931864,0.2342879696372335,0.6221192039559529,suggest,0.7280612,c_0684
c_1436,Traveler & Leisure,0.8609515225329825,0.40004488062059806,0.4609066419123844,suggest,0.714439,c_0327
c_1437,Small Business & B2B,0.800993478140567,0.46957209242572334,0.33142138571484364,suggest,0.7922597,c_1122
c_1438,Traveler & Leisure,0.9870942530850176,0.19245833222754205,0.7946359208574756,suggest,0.65670633,c_1823
c_1439,Student & Learner,0.40823427720984595,0.316342861116283,0.09189141609356294,abstain,0.83094317,c_1159
c_1440,Tech Enthusiast,0.6702868516968513,0.4075758519285642,0.2627109997682871,suggest,0.7178629,c_1792
c_1441,Traveler & Leisure,0.7752157775181387,0.5967350060348402,0.17848077148329855,suggest,0.80909103,c_2570
c_1442,Traveler & Leisure,0.9743147400126587,0.4693662205996615,0.5049485194129972,suggest,0.57021874,c_1823
c_1443,Health & Wellness Seeker,0.7785084921216233,0.2166474044495816,0.5618610876720417,suggest,0.95719117,c_2841
c_1444,Homeowner,0.443760104644255,0.2474293976516637,0.19633070699259134,abstain,0.7536081,c_2313
c_1445,Health & Wellness Seeker,0.980668056746418,0.22164392445396996,0.759024132292448,suggest,0.6915151,c_1967
c_1447,Small Business & B2B,0.43927176389009953,0.18414264265212424,0.25512912123797526,abstain,0.7086437,c_1061
c_1448,Traveler & Leisure,0.964639853336537,0.05160564625350958,0.9130342070830274,suggest,0.70615727,c_0352
c_1450,Health & Wellness Seeker,0.5862918804024791,0.4550020075617543,0.13128987284072485,suggest_with_caution,0.82081324,c_1049
c_1451,Student & Learner,0.9358200103845941,0.7275079637812315,0.20831204660336256,suggest,0.7335266,c_1513
c_1452,Small Business & B2B,0.36304226105998827,0.1482626612592019,0.21477959980078637,abstain,0.79914176,c_0735
c_1454,Traveler & Leisure,0.8960032341889064,0.6283071503610598,0.2676960838278466,suggest,0.71237755,c_2823
c_1455,Health & Wellness Seeker,0.6964780974172745,0.43762063821625136,0.25885745920102315,suggest,0.81659174,c_1107
c_1456,Student & Learner,0.7695885059848113,0.17306548894843582,0.5965230170363756,suggest,0.80505794,c_0000
c_1457,Homeowner,0.8571620201443694,0.7496144378227808,0.10754758232158856,suggest,0.66189694,c_1963
c_1458,Retiree & Senior,0.8641324352790595,0.566206591115193,0.29792584416386647,suggest,0.9034357,c_2752
c_1459,Small Business & B2B,0.7342011433597323,0.3429784226211408,0.3912227207385915,suggest,0.67087865,c_2781
c_1460,Small Business & B2B,0.558233823995566,0.33263613057252156,0.22559769342304442,suggest_with_caution,0.731376,c_2327
c_1461,Small Business & B2B,0.9950869175697051,0.7694164649756761,0.22567045259402907,suggest,0.720636,c_2170
c_1462,Small Business & B2B,0.9324390589483151,0.17073018355300926,0.7617088753953059,suggest,0.850369,c_1122
c_1465,Traveler & Leisure,0.9412289152964043,0.32368238247986486,0.6175465328165395,suggest,0.74874645,c_1203
c_1466,Traveler & Leisure,0.9962938020280968,0.4146498709532729,0.5816439310748239,suggest,0.73662686,c_0327
c_1467,Student & Learner,0.8701918085869358,0.6568492224025395,0.21334258618439628,suggest,0.6632065,c_0756
c_1468,Health & Wellness Seeker,0.6026045885298191,0.48579251101921367,0.11681207751060546,suggest,0.81702566,c_1049
c_1469,Health & Wellness Seeker,0.63580696398601,0.3562186150907721,0.2795883488952379,suggest,0.83892256,c_1122
c_1472,Health & Wellness Seeker,0.27355808239091234,0.2202472681865181,0.053310814204394236,abstain,0.78874886,c_1611
c_1473,Tech Enthusiast,0.48094262925846604,0.4535291320281583,0.027413497230307726,suggest_with_caution,0.81359625,c_0000
c_1474,Traveler & Leisure,0.8975853654774091,0.5638486040647797,0.3337367614126294,suggest,0.6262962,c_2374
c_1475,Health & Wellness Seeker,0.9849766153387106,0.293369177963221,0.6916074373754897,suggest,0.8335841,c_0473
c_1476,Tech Enthusiast,0.9593274176916312,0.1604276892540667,0.7988997284375645,suggest,0.7659922,c_0359
c_1477,Student & Learner,0.794652226769455,0.7344431515881051,0.06020907518134988,suggest_with_caution,0.7040959,c_1122
c_1478,Tech Enthusiast,0.8597192999412135,0.12038445528090917,0.7393348446603044,suggest,0.84598315,c_1122
c_1479,Health & Wellness Seeker,0.9534471367706152,0.09492158814314011,0.8585255486274751,suggest,0.74877894,c_1967
c_1480,Tech Enthusiast,0.9860658382236913,0.5802421518455111,0.4058236863781802,suggest,0.71101975,c_1053
c_1482,Traveler & Leisure,0.9972827480844786,0.07509328434942893,0.9221894637350496,suggest,0.5502255,c_1072
c_1483,Homeowner,0.8678900612286058,0.17129040253592137,0.6965996586926844,suggest,0.7674516,c_1319
c_1484,Health & Wellness Seeker,0.7886432325344023,0.3919103357773789,0.3967328967570234,suggest,0.9141644,c_1889
c_1485,Traveler & Leisure,0.8495787519662301,0.24265195514398288,0.6069267968222473,suggest,0.7096419,c_2823
c_1486,Health & Wellness Seeker,0.697636742583889,0.4234171232110905,0.2742196193727985,suggest,0.72764367,c_2841
c_1487,Small Business & B2B,0.9892932178917221,0.12683860607830444,0.8624546118134176,suggest,0.89998454,c_0130
c_1488,Traveler & Leisure,0.9363158470905634,0.3383970011594368,0.5979188459311265,suggest,0.66013724,c_1905
c_1489,Student & Learner,0.805809196587312,0.22494320400029044,0.5808659925870215,suggest,0.8600984,c_2781
c_1491,Small Business & B2B,0.4978308561557549,0.3348662201600941,0.1629646359956608,suggest_with_caution,0.7480221,c_1268
c_1492,Tech Enthusiast,0.7080433805717066,0.22464843527129824,0.48339494530040833,suggest,0.6980048,c_0359
c_1493,Health & Wellness Seeker,0.9831741990924354,0.8168503605650338,0.16632383852740162,suggest,0.8867977,c_2128
c_1494,Small Business & B2B,0.9873007338340781,0.2432027969227444,0.7440979369113337,suggest,0.9242645,c_0907
c_1495,Health & Wellness Seeker,0.7938260565124245,0.2014487206139195,0.592377335898505,suggest,0.66858697,c_2491
c_1496,Tech Enthusiast,0.6297448032920183,0.2832806195155053,0.346464183776513,suggest,0.7530969,c_2111
c_1497,Health & Wellness Seeker,0.9445823296312973,0.11867331553128832,0.8259090141000089,suggest,0.75268745,c_1739
c_1500,Student & Learner,0.97785882561574,0.06006372049248395,0.917795105123256,suggest,0.69943815,c_0267
c_1501,Traveler & Leisure,0.9772204480738159,0.06355963358461716,0.9136608144891988,suggest,0.71073204,c_0327
c_1503,Traveler & Leisure,0.338780753737981,0.2804314495680736,0.05834930416990741,abstain,0.67774034,c_2823
c_1504,Traveler & Leisure,0.9520174254714135,0.14496450185645712,0.8070529236149564,suggest,0.7247769,c_2313
c_1505,Parent & Family,0.6985589253219855,0.24537857178699324,0.45318035353499225,suggest,0.7186967,c_0000
c_1506,Health & Wellness Seeker,0.9697577611155569,0.1987034164574311,0.7710543446581258,suggest,0.72169447,c_2327
c_1507,Traveler & Leisure,0.9317602040694918,0.14217716230083155,0.7895830417686602,suggest,0.6824453,c_2777
c_1510,Homeowner,0.8985770247365623,0.20163948197909445,0.6969375427574679,suggest,0.78571165,c_1065
c_1511,Traveler & Leisure,0.980524519103051,0.19815971273739555,0.7823648063656555,suggest,0.76845807,c_2487
c_1512,Student & Learner,0.712157266410403,0.6445904859624214,0.06756678044798159,suggest_with_caution,0.5815189,c_2288
c_1515,Homeowner,0.29217770476591753,0.23257851925450115,0.05959918551141638,abstain,0.7074945,c_1240
c_1517,Small Business & B2B,0.6429576413006274,0.24254203814672592,0.40041560315390146,suggest,0.6741016,c_0961
c_1518,Small Business & B2B,0.5497935757961977,0.3485662374737179,0.2012273383224798,suggest_with_caution,0.8001594,c_1404
c_1519,Health & Wellness Seeker,0.9883907291661881,0.0891336395714606,0.8992570895947275,suggest,0.78418106,c_0163
c_1520,Traveler & Leisure,0.366802881756639,0.2674597812928536,0.09934310046378542,abstain,0.6527069,c_1319
c_1524,Small Business & B2B,0.6303633963153608,0.3321349904656249,0.29822840584973587,suggest,0.74995476,c_2434
c_1525,Traveler & Leisure,0.9157225255039559,0.14103486402609633,0.7746876614778596,suggest,0.81574756,c_2823
c_1526,Traveler & Leisure,0.9428047181139491,0.09710576279985375,0.8456989553140953,suggest,0.82671785,c_0679
c_1528,Health & Wellness Seeker,0.6888051912958466,0.6570829814837613,0.03172220981208529,suggest_with_caution,0.7102776,c_1404
c_1529,Health & Wellness Seeker,0.7925255760548412,0.3717100668601719,0.4208155091946693,suggest,0.89604163,c_1883
c_1531,Health & Wellness Seeker,0.3333490798429158,0.27798442827739145,0.055364651565524337,abstain,0.70641285,c_0750
c_1532,Small Business & B2B,0.4014057405758802,0.33951917831183587,0.06188656226404432,abstain,0.6878362,c_1883
c_1533,Health & Wellness Seeker,0.3744266453521108,0.17537828290428517,0.19904836244782562,abstain,0.7292812,c_1848
c_1534,Tech Enthusiast,0.6116824631366621,0.46712320725205453,0.14455925588460755,suggest,0.7472303,c_0000
c_1536,Tech Enthusiast,0.44532034500405787,0.2346053207668796,0.21071502423717828,abstain,0.81101465,c_1268
c_1537,Traveler & Leisure,0.8351602218215652,0.27603248850423606,0.5591277333173292,suggest,0.73190016,c_1792
c_1538,Homeowner,0.6181750735218471,0.42193209586635283,0.19624297765549426,suggest,0.7509776,c_2714
c_1539,Homeowner,0.7542593312185316,0.4606577740021258,0.2936015572164058,suggest,0.7602854,c_2714
c_1540,Traveler & Leisure,0.6469213000502753,0.2795809345935992,0.3673403654566761,suggest,0.82452285,c_2313
c_1541,Homeowner,0.23927313561579597,0.21372755850105904,0.025545577114736928,abstain,0.8847688,c_2352
c_1542,Health & Wellness Seeker,0.9072519655534572,0.17432295366197206,0.7329290118914852,suggest,0.8082879,c_1329
c_1543,Traveler & Leisure,0.7514426381320181,0.1194426789095812,0.6319999592224369,suggest,0.7058388,c_1404
c_1544,Small Business & B2B,0.5739255555172234,0.4062841236024022,0.16764143191482117,suggest_with_caution,0.799389,c_1122
c_1546,Traveler & Leisure,0.8534771967071414,0.19374290244856066,0.6597342942585808,suggest,0.6984393,c_1706
c_1547,Tech Enthusiast,0.6625791081483465,0.570055359901762,0.09252374824658449,suggest_with_caution,0.75529724,c_2313
c_1548,Traveler & Leisure,0.3679532269090187,0.17132281105665798,0.19663041585236074,abstain,0.6849592,c_0327
c_1549,Health & Wellness Seeker,0.30019905719131934,0.17597619311080534,0.124222864080514,abstain,0.5949475,c_2243
c_1550,Traveler & Leisure,0.8066638700092381,0.19345699432379998,0.6132068756854381,suggest,0.7371861,c_0473
c_1551,Health & Wellness Seeker,0.9094561001805486,0.7466501563023294,0.16280594387821912,suggest,0.8420195,c_1125
c_1552,Small Business & B2B,0.8937941018889809,0.3881327231090672,0.5056613787799137,suggest,0.92531884,c_2436
c_1553,Tech Enthusiast,0.9256573717104974,0.28926251853131874,0.6363948531791788,suggest,0.665094,c_0573
c_1554,Traveler & Leisure,0.54460917523169,0.2635679214614373,0.28104125377025263,suggest_with_caution,0.6178659,c_2083
c_1556,Health & Wellness Seeker,0.16450485930076295,0.15496126292276757,0.009543596377995373,abstain,0.6351632,c_1883
c_1557,Traveler & Leisure,0.3436598470171531,0.2949402762396547,0.04871957077749839,abstain,0.7795681,c_1287
c_1558,Traveler & Leisure,0.27204064861988336,0.11694400631854249,0.15509664230134088,abstain,0.6272962,c_1490
c_1559,Tech Enthusiast,0.4238166809374846,0.2197028106998183,0.20411387023766628,abstain,0.7503794,c_2313
c_1560,Tech Enthusiast,0.3092551342857334,0.29074880190767755,0.01850633237805588,abstain,0.8280012,c_1065
c_1561,Traveler & Leisure,0.9573070315839557,0.33294813492997327,0.6243588966539824,suggest,0.7180695,c_2865
c_1562,Health & Wellness Seeker,0.8365296662290911,0.6344640525986229,0.20206561363046815,suggest,0.7461559,c_0518
c_1563,Traveler & Leisure,0.3387560032135392,0.2904761377662354,0.04827986544730384,abstain,0.7744752,c_2781
c_1565,Traveler & Leisure,0.7338121926802714,0.19062931239744352,0.5431828802828279,suggest,0.57231146,c_2286
c_1566,Tech Enthusiast,0.8342064646254187,0.28198440992262164,0.5522220547027971,suggest,0.7975445,c_1481
c_1567,Student & Learner,0.7295125162843407,0.5870375449712365,0.14247497131310416,suggest,0.85094976,c_1166
c_1568,Health & Wellness Seeker,0.904057163998571,0.2548352542020266,0.6492219097965444,suggest,0.75593436,c_1967
c_1569,Retiree & Senior,0.9913082822114835,0.44991923587909455,0.5413890463323889,suggest,0.93625546,c_0507
c_1570,Tech Enthusiast,0.653428848285142,0.29053589161919763,0.3628929566659444,suggest,0.5538496,c_1061
c_1571,Traveler & Leisure,0.9838504821585992,0.2083766279549933,0.7754738542036059,suggest,0.70094335,c_2865
c_1572,Homeowner,0.5050408037426144,0.2294567811909449,0.27558402255166947,suggest_with_caution,0.7935179,c_2714
c_1574,Tech Enthusiast,0.5946581097415012,0.1681096315834735,0.42654847815802777,suggest_with_caution,0.7352628,c_0573
c_1575,Homeowner,0.6221434162962938,0.5139709354427223,0.10817248085357145,suggest,0.9289759,c_2470
c_1576,Tech Enthusiast,0.8726006748859048,0.7042264574697091,0.16837421741619563,suggest,0.71125495,c_1066
c_1577,Tech Enthusiast,0.9048716682165399,0.19896499272443058,0.7059066754921093,suggest,0.7930772,c_2313
c_1578,Traveler & Leisure,0.8805538736512224,0.25347694129810416,0.6270769323531182,suggest,0.54829055,c_2826
c_1581,Health & Wellness Seeker,0.9713249251385526,0.14064355643400683,0.8306813687045458,suggest,0.74943304,c_2791
c_1583,Traveler & Leisure,0.8569629944449733,0.07457434018556348,0.7823886542594097,suggest,0.7821856,c_1072
c_1584,Homeowner,0.9743469380682905,0.06896884442860596,0.9053780936396846,suggest,0.71911323,c_1162
c_1585,Traveler & Leisure,0.4988690761886314,0.17373602647355815,0.3251330497150733,suggest_with_caution,0.8553926,c_0165
c_1586,Small Business & B2B,0.7791787336729421,0.36087248379454434,0.41830624987839776,suggest,0.93686134,c_2354
c_1587,Tech Enthusiast,0.7076645836164751,0.4171233625713216,0.2905412210451535,suggest,0.67916167,c_2714
c_1588,Retiree & Senior,0.9943592299419335,0.2964754488776601,0.6978837810642734,suggest,0.9588464,c_1639
c_1589,Health & Wellness Seeker,0.48087421017050413,0.44837126194604243,0.0325029482244617,suggest_with_caution,0.62425905,c_1593
c_1590,Health & Wellness Seeker,0.8182001756241801,0.13920273418942705,0.678997441434753,suggest,0.75245446,c_0507
c_1591,Tech Enthusiast,0.9440372493283842,0.5356420491636027,0.4083952001647815,suggest,0.6755122,c_0573
c_1594,Health & Wellness Seeker,0.8558976707837648,0.16608871136611056,0.6898089594176542,suggest,0.9566997,c_1889
c_1595,Small Business & B2B,0.9896466582367394,0.08753726754295688,0.9021093906937825,suggest,0.8828198,c_0004
c_1596,Homeowner,0.5031432075989947,0.3528153341334143,0.15032787346558035,suggest_with_caution,0.78829783,c_1404
c_1597,Traveler & Leisure,0.945667394607244,0.3174902546018073,0.6281771400054368,suggest,0.8230747,c_0262
c_1598,Student & Learner,0.9030583816331631,0.1943912213615366,0.7086671602716265,suggest,0.76931894,c_0000
c_1599,Tech Enthusiast,0.8694157011226485,0.1211638673678944,0.7482518337547541,suggest,0.7387913,c_1446
c_1600,Traveler & Leisure,0.793405281382968,0.06423861243203788,0.7291666689509301,suggest,0.7240712,c_1065
c_1602,Homeowner,0.8334147334080237,0.7130305423538572,0.12038419105416653,suggest,0.7594444,c_2058
c_1603,Traveler & Leisure,0.8459337563841013,0.05548599498057021,0.7904477614035311,suggest,0.58479017,c_0495
c_1604,Health & Wellness Seeker,0.9722930501300309,0.3667726027628084,0.6055204473672224,suggest,0.7955491,c_1994
c_1606,Health & Wellness Seeker,0.7506635349611145,0.19756006454264743,0.5531034704184671,suggest,0.93475825,c_1365
c_1607,Tech Enthusiast,0.9924923877006488,0.6906872077049655,0.30180517999568335,suggest,0.8615863,c_2313
c_1608,Health & Wellness Seeker,0.9722437968710612,0.08449167887161615,0.8877521179994451,suggest,0.8116985,c_1994
c_1609,Traveler & Leisure,0.6405512463048019,0.3979774592083056,0.2425737870964963,suggest,0.7984892,c_1049
c_1610,Traveler & Leisure,0.5374517524269954,0.14651673520167738,0.390935017225318,suggest_with_caution,0.7835191,c_0473
c_1613,Traveler & Leisure,0.564366374444793,0.30310913401545114,0.26125724042934184,suggest_with_caution,0.7450483,c_2286
c_1614,Small Business & B2B,0.9934258676118073,0.16663515087607048,0.8267907167357368,suggest,0.8747232,c_1169
c_1615,Student & Learner,0.9941974196011995,0.1271638634798078,0.8670335561213917,suggest,0.7901583,c_1998
c_1616,Tech Enthusiast,0.594167062863169,0.40267060020040063,0.19149646266276837,suggest_with_caution,0.81173027,c_1430
c_1617,Traveler & Leisure,0.41443779111185586,0.2627831108849273,0.15165468022692857,abstain,0.68008083,c_1883
c_1618,Student & Learner,0.8421297439329534,0.13093219128331895,0.7111975526496344,suggest,0.7567644,c_1998
c_1619,Student & Learner,0.9856628104467294,0.22698013258377328,0.7586826778629562,suggest,0.85482043,c_1240
c_1620,Health & Wellness Seeker,0.8390991764081993,0.0930880759697444,0.7460111004384549,suggest,0.9359254,c_0521
c_1621,Homeowner,0.8227574171562654,0.22044349406915756,0.6023139230871078,suggest,0.7122756,c_2061
c_1622,Health & Wellness Seeker,0.9929579925699502,0.07630150014787956,0.9166564924220706,suggest,0.926948,c_1963
c_1623,Health & Wellness Seeker,0.969719071922904,0.0747454613513967,0.8949736105715073,suggest,0.79376346,c_1994
c_1624,Student & Learner,0.8891473065437463,0.40223163058299244,0.48691567596075386,suggest,0.77637,c_1998
c_1625,Small Business & B2B,0.6531343228942366,0.43402137628072396,0.2191129466135126,suggest,0.68435496,c_2781
c_1626,Traveler & Leisure,0.979044420951468,0.07791030877425614,0.9011341121772118,suggest,0.8194123,c_2363
c_1629,Small Business & B2B,0.787475002511105,0.23515060605344956,0.5523243964576554,suggest,0.9229489,c_2470
c_1630,Traveler & Leisure,0.570850544742676,0.20160038906916383,0.3692501556735122,suggest_with_caution,0.7323776,c_1049
c_1632,Tech Enthusiast,0.7059797949618575,0.21184544162238275,0.49413435333947475,suggest,0.8047106,c_2865
c_1633,Health & Wellness Seeker,0.5723920823367475,0.3740024435976895,0.19838963873905802,suggest_with_caution,0.6246555,c_1157
c_1634,Tech Enthusiast,0.43692061262556864,0.2271801382593718,0.20974047436619683,abstain,0.9451143,c_2099
c_1635,Tech Enthusiast,0.9884523619386953,0.5818903859264523,0.4065619760122431,suggest,0.8906506,c_2313
c_1636,Health & Wellness Seeker,0.766515758557816,0.4896934746705325,0.27682228388728347,suggest,0.731652,c_1402
c_1637,Health & Wellness Seeker,0.7743997157750231,0.3242727270689595,0.4501269887060636,suggest,0.8394879,c_1883
c_1640,Homeowner,0.40517550912591394,0.2799091699307034,0.12526633919521052,abstain,0.6972425,c_1998
c_1641,Student & Learner,0.5555399050152814,0.36140607309401485,0.19413383192126654,suggest_with_caution,0.75488293,c_1830
c_1642,Tech Enthusiast,0.587735975429127,0.2006779439643401,0.3870580314647869,suggest_with_caution,0.9107505,c_1481
c_1643,Student & Learner,0.5140328095598616,0.26680018818876067,0.24723262137110097,suggest_with_caution,0.9286898,c_0899
c_1644,Health & Wellness Seeker,0.9748589233117233,0.13040857256657945,0.8444503507451439,suggest,0.7598841,c_2327
c_1645,Health & Wellness Seeker,0.6798900528309085,0.1925075753606655,0.487382477470243,suggest,0.81744266,c_1994
c_1646,Student & Learner,0.9943500979250082,0.2871277112085422,0.707222386716466,suggest,0.70260376,c_0535
c_1647,Tech Enthusiast,0.9936397641757512,0.1791235760868977,0.8145161880888535,suggest,0.81409705,c_2180
c_1648,Homeowner,0.9183850146879475,0.19681796098448157,0.721567053703466,suggest,0.68828076,c_0684
c_1649,Small Business & B2B,0.9932815077296282,0.17347363930235413,0.819807868427274,suggest,0.72002584,c_2208
c_1650,Health & Wellness Seeker,0.823074012904504,0.5427156254677761,0.2803583874367279,suggest,0.7853739,c_0163
c_1651,Traveler & Leisure,0.7053961941700745,0.24057417375286563,0.4648220204172089,suggest,0.81003827,c_1180
c_1652,Homeowner,0.634504888628426,0.2939663890403865,0.3405384995880395,suggest,0.8028012,c_2714
c_1653,Small Business & B2B,0.915813428841483,0.31331664221878636,0.6024967866226967,suggest,0.86257267,c_2151
c_1654,Tech Enthusiast,0.6224933538936018,0.1687328227916731,0.4537605311019287,suggest,0.7352404,c_1788
c_1655,Health & Wellness Seeker,0.9594207007718278,0.28683673048371283,0.672583970288115,suggest,0.69976854,c_0872
c_1656,Student & Learner,0.8288074719713405,0.12014895145184756,0.708658520519493,suggest,0.70753413,c_2205
c_1657,Student & Learner,0.9904632556436049,0.09944818513017853,0.8910150705134264,suggest,0.6572557,c_1205
c_1658,Small Business & B2B,0.7554692809576878,0.3514455306796363,0.40402375027805154,suggest,0.51283216,c_2801
c_1659,Small Business & B2B,0.8488759275311168,0.40238429410837623,0.4464916334227406,suggest,0.7028023,c_0659
c_1661,Small Business & B2B,0.7696594356191918,0.4413954347445334,0.3282640008746584,suggest,0.7664875,c_1601
c_1662,Health & Wellness Seeker,0.9480797614340457,0.4345080273776433,0.5135717340564023,suggest,0.7357489,c_0511
c_1663,Parent & Family,0.2274720830039321,0.22469205176402493,0.002780031239907166,abstain,0.8129456,c_0473
c_1664,Small Business & B2B,0.885528469602063,0.20865701962419309,0.6768714499778699,suggest,0.7440715,c_2470
c_1665,Health & Wellness Seeker,0.9816097030611312,0.24404153213194407,0.737568170929187,suggest,0.73791474,c_1329
c_1666,Traveler & Leisure,0.6754277354029539,0.13671891065217023,0.5387088247507836,suggest,0.71873224,c_1404
c_1668,Health & Wellness Seeker,0.6544948964087376,0.2599918356928447,0.3945030607158929,suggest,0.8169995,c_2434
c_1669,Student & Learner,0.8540672413437231,0.4791973879259459,0.37486985341777723,suggest,0.72071815,c_1074
c_1671,Health & Wellness Seeker,0.6295576926981065,0.17161507379164076,0.4579426189064657,suggest,0.85435104,c_1994
c_1672,Tech Enthusiast,0.5781807655686414,0.4388141119914924,0.139366653577149,suggest_with_caution,0.80524796,c_2781
c_1673,Traveler & Leisure,0.5580705956466945,0.378171857361714,0.1798987382849805,suggest_with_caution,0.6763795,c_1404
c_1674,Homeowner,0.7291295177060656,0.21521024274820033,0.5139192749578653,suggest,0.77621615,c_0913
c_1675,Traveler & Leisure,0.8891762913052736,0.22885964766284406,0.6603166436424296,suggest,0.712399,c_2244
c_1676,Small Business & B2B,0.9639677342839114,0.07444606892716504,0.8895216653567464,suggest,0.74016297,c_1902
c_1677,Traveler & Leisure,0.9503214833780164,0.20020353570142205,0.7501179476765943,suggest,0.8504364,c_2672
c_1678,Health & Wellness Seeker,0.6426855192692318,0.6117622337501797,0.0309232855190521,suggest_with_caution,0.65556914,c_1157
c_1679,Small Business & B2B,0.8276341372107466,0.19575170234167344,0.6318824348690733,suggest,0.7952417,c_1914
c_1680,Tech Enthusiast,0.9413838311160871,0.1485450186831018,0.7928388124329854,suggest,0.7556853,c_0359
c_1681,Traveler & Leisure,0.8975657818949465,0.19871839731225172,0.6988473845826948,suggest,0.63130987,c_2120
c_1682,Health & Wellness Seeker,0.7590555113978231,0.20847543788134976,0.5505800735164734,suggest,0.7684845,c_0860
c_1684,Small Business & B2B,0.8432452601068657,0.7501985638791712,0.09304669622769457,suggest_with_caution,0.7561734,c_1287
c_1685,Small Business & B2B,0.7229046913894566,0.15103416626348332,0.5718705251259733,suggest,0.7864149,c_0323
c_1686,Homeowner,0.847696908897845,0.7722014433506103,0.07549546554723474,suggest_with_caution,0.78418976,c_0367
c_1687,Traveler & Leisure,0.4121717102977503,0.2198549793067795,0.1923167309909708,abstain,0.71876687,c_2714
c_1688,Traveler & Leisure,0.41522193102729504,0.1519525005633579,0.26326943046393714,abstain,0.71348214,c_1514
c_1689,Tech Enthusiast,0.9483205450077812,0.07078164768683455,0.8775388973209466,suggest,0.72787154,c_0000
c_1690,Homeowner,0.8385564462053048,0.33938085568233095,0.49917559052297383,suggest,0.73933035,c_0367
c_1691,Traveler & Leisure,0.7615496789027237,0.18561345630680387,0.5759362225959199,suggest,0.66968274,c_0327
c_1692,Small Business & B2B,0.8997504758350596,0.337619192273747,0.5621312835613126,suggest,0.8259856,c_1902
c_1693,Small Business & B2B,0.2951838148758311,0.1974774159168638,0.09770639895896732,abstain,0.7315176,c_0000
c_1694,Traveler & Leisure,0.6357245418950003,0.18473349273511142,0.45099104915988886,suggest,0.7381017,c_2793
c_1695,Homeowner,0.5722662252385575,0.3792424606556101,0.1930237645829474,suggest_with_caution,0.6544044,c_1203
c_1696,Student & Learner,0.671465101024455,0.5306028583392468,0.1408622426852082,suggest,0.72962165,c_2570
c_1697,Student & Learner,0.5661064664412585,0.24996729274089602,0.3161391737003625,suggest_with_caution,0.6633393,c_1527
c_1698,Small Business & B2B,0.9570039150389025,0.21539416449507948,0.741609750543823,suggest,0.7309851,c_1994
c_1699,Student & Learner,0.5982087240672798,0.3207854771650961,0.2774232469021837,suggest_with_caution,0.780746,c_0473
c_1700,Traveler & Leisure,0.6970430778095742,0.38329105023151444,0.31375202757805976,suggest,0.7363683,c_1490
c_1701,Health & Wellness Seeker,0.9675548706250283,0.29987111220644663,0.6676837584185817,suggest,0.83274335,c_2630
c_1702,Traveler & Leisure,0.21762078710676286,0.17254816680410143,0.04507262030266143,abstain,0.6221565,c_2352
c_1703,Health & Wellness Seeker,0.5106675160316893,0.3228996812113735,0.18776783482031573,suggest_with_caution,0.77606636,c_1122
c_1704,Small Business & B2B,0.8913987411631569,0.6442754940507845,0.24712324711237232,suggest,0.761653,c_2208
c_1707,Traveler & Leisure,0.817514989133213,0.13810186117746023,0.6794131279557527,suggest,0.918704,c_0979
c_1708,Traveler & Leisure,0.9479560674143244,0.1105869596291493,0.837369107785175,suggest,0.71643156,c_0327
c_1709,Student & Learner,0.9777882136483336,0.25284964248752184,0.7249385711608117,suggest,0.76380086,c_2205
c_1710,Tech Enthusiast,0.7418415798586058,0.15863638846690062,0.5832051913917051,suggest,0.7531598,c_1061
c_1711,Small Business & B2B,0.5394120847525558,0.4089178163358045,0.13049426841675127,suggest_with_caution,0.46760106,c_1902
c_1712,Tech Enthusiast,0.9409933883029606,0.10216798299655329,0.8388254053064074,suggest,0.7431453,c_0573
c_1713,Traveler & Leisure,0.6449403316526785,0.13234075147760088,0.5125995801750776,suggest,0.65170753,c_2286
c_1715,Health & Wellness Seeker,0.9299685054190547,0.16413974066651785,0.7658287647525369,suggest,0.9022251,c_1808
c_1716,Small Business & B2B,0.5659332900521056,0.19375032657901725,0.3721829634730883,suggest_with_caution,0.7560318,c_1250
c_1717,Small Business & B2B,0.9495568246088484,0.2818178393017098,0.6677389853071386,suggest,0.7199657,c_2242
c_1720,Homeowner,0.869528743742795,0.20366234768187944,0.6658663960609156,suggest,0.7713253,c_1065
c_1722,Traveler & Leisure,0.9834413778045883,0.4810437542381785,0.5023976235664098,suggest,0.6900559,c_0961
c_1723,Student & Learner,0.9719430698757534,0.427653787328675,0.5442892825470784,suggest,0.855407,c_1107
c_1724,Small Business & B2B,0.849669900259095,0.5709599519630116,0.2787099482960833,suggest,0.7527684,c_1991
c_1726,Traveler & Leisure,0.7947639510758846,0.5227144949598194,0.27204945611606524,suggest,0.7331185,c_2313
c_1728,Traveler & Leisure,0.9320624688813235,0.1469048884643364,0.7851575804169871,suggest,0.7738151,c_2363
c_1730,Traveler & Leisure,0.7035955034166889,0.2588012963563994,0.44479420706028944,suggest,0.71438336,c_1555
c_1731,Traveler & Leisure,0.9915981950624473,0.21214870927290305,0.7794494857895442,suggest,0.9130821,c_1555
c_1733,Traveler & Leisure,0.7673203004811033,0.3919510968969394,0.3753692035841639,suggest,0.7522673,c_2252
c_1734,Small Business & B2B,0.7113759062075891,0.2805995587646213,0.4307763474429678,suggest,0.83864295,c_1800
c_1735,Health & Wellness Seeker,0.6109551185579737,0.23101019811405493,0.37994492044391875,suggest,0.7659546,c_1994
c_1736,Small Business & B2B,0.9835449188719052,0.08656433582365176,0.8969805830482535,suggest,0.89151955,c_0130
c_1737,Traveler & Leisure,0.8108495888694178,0.33077466296881963,0.4800749259005982,suggest,0.7122043,c_1203
c_1738,Traveler & Leisure,0.7690353201837994,0.4893998720375672,0.2796354481462322,suggest,0.7030994,c_2006
c_1740,Homeowner,0.7671082178487072,0.14983153312833722,0.61727668472037,suggest,0.75355446,c_1319
c_1741,Small Business & B2B,0.7441804283234611,0.7292241518099151,0.01495627651354603,suggest_with_caution,0.98168266,c_0323
c_1742,Tech Enthusiast,0.9886015999711635,0.4949872466036454,0.4936143533675181,suggest,0.698121,c_1785
c_1743,Tech Enthusiast,0.8382174285633457,0.2649901974422323,0.5732272311211134,suggest,0.7382748,c_0050
c_1744,Health & Wellness Seeker,0.7507799025745833,0.20480880182626554,0.5459711007483177,suggest,0.83385175,c_1994
c_1745,Student & Learner,0.9833306289773662,0.22654028998075018,0.7567903389966161,suggest,0.7729938,c_0473
c_1746,Parent & Family,0.7571522259574761,0.17131740849017443,0.5858348174673017,suggest,0.66356194,c_2007
c_1747,Homeowner,0.8793267056295084,0.19070000060105097,0.6886267050284575,suggest,0.704536,c_2714
c_1748,Tech Enthusiast,0.9926723587207155,0.7680530754681993,0.22461928325251612,suggest,0.8640043,c_2313
c_1749,Health & Wellness Seeker,0.7074114561833562,0.21454092199854366,0.4928705341848125,suggest,0.76352274,c_1404
c_1750,Traveler & Leisure,0.6566756511952473,0.24369747800257194,0.4129781731926754,suggest,0.7529172,c_0008
c_1751,Tech Enthusiast,0.6708195297790183,0.26762599894095446,0.4031935308380638,suggest,0.861639,c_0518
c_1752,Tech Enthusiast,0.5435346444400303,0.4610821076943264,0.08245253674570391,suggest_with_caution,0.6901164,c_2313
c_1753,Student & Learner,0.3889296932622841,0.3680089340494349,0.020920759212849194,abstain,0.6691682,c_2793
c_1754,Tech Enthusiast,0.3399032207832123,0.33579931643477484,0.004103904348437437,abstain,0.73753744,c_2705
c_1755,Small Business & B2B,0.9368864526652266,0.2657219301139207,0.6711645225513059,suggest,0.781736,c_2870
c_1756,Parent & Family,0.342975203016005,0.33591434520175467,0.00706085781425031,abstain,0.71193993,c_2865
c_1757,Retiree & Senior,0.8383562034534559,0.3701153821330953,0.46824082132036055,suggest,0.8127965,c_2752
c_1758,Small Business & B2B,0.9568280790651429,0.2074014141320036,0.7494266649331393,suggest,0.72315055,c_2870
c_1759,Traveler & Leisure,0.8489297055240466,0.24369153336934635,0.6052381721547002,suggest,0.70654476,c_0751
c_1761,Homeowner,0.26908208718687926,0.2175574814023215,0.05152460578455775,abstain,0.7696983,c_1991
c_1762,Parent & Family,0.6647123039162046,0.6338636893867936,0.03084861452941101,suggest_with_caution,0.85515064,c_0473
c_1763,Small Business & B2B,0.7140088535607811,0.6616504348286144,0.052358418732166734,suggest_with_caution,0.71475154,c_0659
c_1764,Health & Wellness Seeker,0.8800795734056982,0.19853397921827642,0.6815455941874218,suggest,0.81070143,c_0473
c_1766,Tech Enthusiast,0.5062806811225674,0.28405523253788384,0.22222544858468357,suggest_with_caution,0.7656787,c_0706
c_1767,Health & Wellness Seeker,0.7096944298788949,0.08323773894005745,0.6264566909388374,suggest,0.8199508,c_0163
c_1768,Tech Enthusiast,0.892619074112414,0.6036095374500785,0.28900953666233553,suggest,0.66130686,c_0518
c_1769,Tech Enthusiast,0.3956667215412671,0.27919510199706377,0.11647161954420332,abstain,0.8123235,c_1122
c_1770,Small Business & B2B,0.9103515295588515,0.282569908982054,0.6277816205767974,suggest,0.7395919,c_1816
c_1771,Health & Wellness Seeker,0.8757675669242314,0.2599511246894696,0.6158164422347618,suggest,0.7668672,c_0511
c_1772,Traveler & Leisure,0.9515531519109736,0.15619657571094966,0.7953565762000239,suggest,0.52683437,c_0559
c_1773,Student & Learner,0.8849199453035735,0.41513487898724094,0.4697850663163326,suggest,0.7142721,c_1074
c_1774,Small Business & B2B,0.5575100537019949,0.4664847116176839,0.09102534208431101,suggest_with_caution,0.9139654,c_1830
c_1775,Traveler & Leisure,0.9485362969067376,0.2605096831603658,0.6880266137463718,suggest,0.8689303,c_2777
c_1776,Retiree & Senior,0.9829135323508678,0.15096002828288327,0.8319535040679845,suggest,0.8750862,c_2752
c_1777,Small Business & B2B,0.49921675872415333,0.383509580587427,0.11570717813672632,suggest_with_caution,0.66790295,c_0444
c_1778,Health & Wellness Seeker,0.6023138090320808,0.3395818931715288,0.26273191586055195,suggest,0.79345334,c_1404
c_1779,Traveler & Leisure,0.5576624513476607,0.3697532485546213,0.18790920279303935,suggest_with_caution,0.69328994,c_0840
c_1780,Homeowner,0.17788076506388484,0.15597823197037342,0.021902533093511423,abstain,0.7914629,c_2865
c_1781,Health & Wellness Seeker,0.8233602642045672,0.49833167546193796,0.32502858874262924,suggest,0.7317283,c_1967
c_1782,Traveler & Leisure,0.9848212408030262,0.09254308172575107,0.8922781590772751,suggest,0.75801176,c_1706
c_1784,Tech Enthusiast,0.8842302945691465,0.12228410002191327,0.7619461945472332,suggest,0.7068475,c_1061
c_1786,Student & Learner,0.9605652243685673,0.30255284301855756,0.6580123813500097,suggest,0.7407371,c_2205
c_1787,Retiree & Senior,0.9834704212756422,0.18947273625481295,0.7939976850208292,suggest,0.99214876,c_0239
c_1789,Student & Learner,0.9959397654942471,0.4035134286085927,0.5924263368856544,suggest,0.8112943,c_1793
c_1790,Small Business & B2B,0.4050847148168913,0.30970837850597305,0.09537633631091824,abstain,0.7513767,c_2714
c_1791,Parent & Family,0.5774342354643239,0.38172125457832135,0.19571298088600259,suggest_with_caution,0.7541485,c_2587
c_1794,Student & Learner,0.9192286926879546,0.6334970533350676,0.28573163935288703,suggest,0.799246,c_1998
c_1796,Health & Wellness Seeker,0.9924879736573888,0.0673983806804418,0.925089592976947,suggest,0.8473442,c_1994
c_1797,Health & Wellness Seeker,0.9800094552094343,0.5537953667272197,0.42621408848221454,suggest,0.76076096,c_2727
c_1798,Homeowner,0.8668990026929456,0.3401742302211677,0.5267247724717778,suggest,0.7572162,c_1593
c_1801,Health & Wellness Seeker,0.6125248309169958,0.493586354377292,0.11893847653970385,suggest,0.7757947,c_1994
c_1802,Traveler & Leisure,0.8923206459714753,0.21144985996690288,0.6808707860045724,suggest,0.77777386,c_2823
c_1803,Small Business & B2B,0.748432178828411,0.579533594523014,0.16889858430539695,suggest,0.7044328,c_1892
c_1804,Tech Enthusiast,0.9744785738938996,0.201940206369826,0.7725383675240736,suggest,0.76645267,c_2601
c_1805,Traveler & Leisure,0.8246323465647688,0.4552225324888403,0.3694098140759285,suggest,0.82545775,c_2672
c_1806,Traveler & Leisure,0.7125924760997213,0.4236828998107136,0.2889095762890077,suggest,0.8958917,c_0323
c_1807,Traveler & Leisure,0.679552067841992,0.6393754694475063,0.04017659839448562,suggest_with_caution,0.6539544,c_1203
c_1809,Student & Learner,0.8341208316836382,0.314536996268536,0.5195838354151021,suggest,0.83814603,c_0473
c_1810,Health & Wellness Seeker,0.6491842874374517,0.26194746546462333,0.3872368219728284,suggest,0.88037634,c_1404
c_1812,Traveler & Leisure,0.9618134325877027,0.14024252410764873,0.821570908480054,suggest,0.64219236,c_1203
c_1813,Traveler & Leisure,0.5547748692601036,0.34378551546019037,0.21098935379991318,suggest_with_caution,0.6873841,c_0013
c_1814,Student & Learner,0.6821310683311121,0.25562000668098583,0.4265110616501263,suggest,0.94761014,c_0202
c_1815,Traveler & Leisure,0.3363920818880931,0.3348905475134746,0.0015015343746185295,abstain,0.77615774,c_1670
c_1818,Student & Learner,0.7667344213688627,0.6592703541006172,0.10746406726824553,suggest,0.9024139,c_1107
c_1820,Traveler & Leisure,0.9208837753812448,0.08819573213974392,0.8326880432415008,suggest,0.76852554,c_1278
c_1821,Tech Enthusiast,0.5668770217251006,0.4391416361170476,0.12773538560805298,suggest_with_caution,0.85950065,c_1430
c_1822,Traveler & Leisure,0.6918486451386348,0.22874770345097145,0.4631009416876633,suggest,0.7953885,c_2823
c_1824,Homeowner,0.6155933796260158,0.35090632552503764,0.26468705410097815,suggest,0.7313083,c_1065
c_1825,Health & Wellness Seeker,0.9800109648899206,0.2359343434992499,0.7440766213906707,suggest,0.7100918,c_0567
c_1826,Health & Wellness Seeker,0.9866528243506673,0.280416168400298,0.7062366559503692,suggest,0.7430501,c_2727
c_1828,Homeowner,0.967909282711953,0.3756029356740573,0.5923063470378958,suggest,0.821273,c_0367
c_1829,Traveler & Leisure,0.8252655951932608,0.3977351740094611,0.4275304211837997,suggest,0.7546429,c_2672
c_1831,Homeowner,0.7760798232868049,0.224850743983357,0.5512290793034479,suggest,0.77096206,c_1065
c_1832,Homeowner,0.30980356831640915,0.2615521774042556,0.048251390912153524,abstain,0.8301208,c_2865
c_1835,Traveler & Leisure,0.7845390229062857,0.5499294395395603,0.23460958336672544,suggest,0.7802655,c_1072
c_1836,Traveler & Leisure,0.9869797995163545,0.5164351189591656,0.4705446805571889,suggest,0.6351647,c_2363
c_1837,Health & Wellness Seeker,0.8950590388582474,0.15776960218515967,0.7372894366730878,suggest,0.8700905,c_1994
c_1839,Traveler & Leisure,0.6055556854741211,0.5167962206195591,0.08875946485456199,suggest_with_caution,0.7185383,c_2570
c_1840,Small Business & B2B,0.5480732310602159,0.34475259639000794,0.20332063467020794,suggest_with_caution,0.7797273,c_1122
c_1841,Small Business & B2B,0.9417429860440532,0.4888341775263993,0.45290880851765386,suggest,0.8657419,c_1800
c_1844,Traveler & Leisure,0.9909907953362743,0.11538815904532503,0.8756026362909493,suggest,0.6486339,c_0327
c_1845,Traveler & Leisure,0.7026540766218743,0.2242288237941048,0.4784252528277695,suggest,0.53381073,c_0473
c_1846,Retiree & Senior,0.5961342332722435,0.32530785947791346,0.27082637379433,suggest_with_caution,0.7511186,c_1670
c_1847,Homeowner,0.3852722400962164,0.3383930879103711,0.04687915218584532,abstain,0.78463364,c_1991
c_1849,Tech Enthusiast,0.8498729954922934,0.17895603889831035,0.6709169565939831,suggest,0.67199475,c_0873
c_1850,Health & Wellness Seeker,0.9605841265303273,0.13500406079792093,0.8255800657324064,suggest,0.7432916,c_1994
c_1851,Health & Wellness Seeker,0.9601617950629676,0.23606757789899424,0.7240942171639734,suggest,0.61387205,c_1963
c_1853,Tech Enthusiast,0.9312184592399644,0.13600840858241134,0.795210050657553,suggest,0.7016464,c_1579
c_1854,Health & Wellness Seeker,0.5089158748768009,0.4494455617393908,0.05947031313741008,suggest_with_caution,0.61023784,c_1670
c_1855,Traveler & Leisure,0.9645733903368198,0.3987740742391742,0.5657993160976456,suggest,0.7269794,c_1341
c_1856,Student & Learner,0.7766561327308107,0.7067623234973776,0.06989380923343314,suggest_with_caution,0.77320796,c_1983
c_1857,Traveler & Leisure,0.9415237316167233,0.438422939491208,0.5031007921255153,suggest,0.7649654,c_2781
c_1858,Traveler & Leisure,0.9638228276745969,0.21241013560303018,0.7514126920715667,suggest,0.662451,c_0961
c_1859,Health & Wellness Seeker,0.5107370817874656,0.45868449070842016,0.05205259107904542,suggest_with_caution,0.690961,c_1983
c_1860,Parent & Family,0.7719043360148579,0.40478593499014914,0.3671184010247087,suggest,0.82345283,c_2587
c_1861,Homeowner,0.31095305148156677,0.30574364927391345,0.005209402207653313,abstain,0.80245167,c_2054
c_1862,Homeowner,0.932580733174018,0.11860652830820083,0.8139742048658172,suggest,0.7944342,c_2755
c_1863,Homeowner,0.5894780092644826,0.33228657539607115,0.2571914338684114,suggest_with_caution,0.87882155,c_2865
c_1864,Traveler & Leisure,0.6779705098711597,0.15880344961473222,0.5191670602564274,suggest,0.7141924,c_1402
c_1865,Traveler & Leisure,0.51516194382754,0.21407836972133412,0.3010835741062059,suggest_with_caution,0.789473,c_1998
c_1866,Tech Enthusiast,0.9813945528186584,0.17500106638677612,0.8063934864318822,suggest,0.73488367,c_1061
c_1867,Traveler & Leisure,0.46265809015396897,0.15595092561175852,0.3067071645422105,suggest_with_caution,0.67156243,c_2865
c_1868,Health & Wellness Seeker,0.8364693915725234,0.14294470242679158,0.6935246891457318,suggest,0.8098067,c_0751
c_1869,Homeowner,0.7583054162897397,0.48362252653960164,0.27468288975013805,suggest,0.75245523,c_1404
c_1870,Small Business & B2B,0.7701149618175732,0.21284684584465183,0.5572681159729214,suggest,0.6821018,c_1402
c_1871,Homeowner,0.4304838393897259,0.35503817544442684,0.07544566394529906,abstain,0.746533,c_2164
c_1872,Student & Learner,0.5583126331878776,0.26544780185974615,0.29286483132813146,suggest_with_caution,0.8945835,c_2080
c_1873,Homeowner,0.9669428090995636,0.8786601682143372,0.08828264088522642,suggest_with_caution,0.6792128,c_0367
c_1875,Small Business & B2B,0.30971527618472666,0.2959626543738915,0.013752621810835142,abstain,0.74478,c_2730
c_1876,Small Business & B2B,0.9758823480028641,0.6627758127123575,0.3131065352905066,suggest,0.6878877,c_1660
c_1877,Student & Learner,0.6500127357240733,0.40152500071759695,0.2484877350064763,suggest,0.73396206,c_1848
c_1880,Homeowner,0.9629058191330264,0.1315841311276123,0.8313216880054142,suggest,0.69333774,c_1449
c_1881,Retiree & Senior,0.983958995660255,0.254983904277166,0.728975091383089,suggest,0.78378457,c_1892
c_1882,Health & Wellness Seeker,0.942377020708284,0.14785333275313867,0.7945236879551454,suggest,0.84478694,c_0705
c_1884,Traveler & Leisure,0.4532636860621804,0.33600261184881136,0.11726107421336907,suggest_with_caution,0.88028723,c_0390
c_1886,Student & Learner,0.986375853059284,0.10013933686115414,0.8862365161981298,suggest,0.8852033,c_0651
c_1887,Health & Wellness Seeker,0.8486952058447715,0.10165757927729761,0.747037626567474,suggest,0.84152293,c_1580
c_1890,Homeowner,0.8269190373159891,0.38482976779500916,0.44208926952098,suggest,0.79226685,c_0367
c_1891,Health & Wellness Seeker,0.9939629313048377,0.23617909493792127,0.7577838363669165,suggest,0.7226404,c_0543
c_1894,Retiree & Senior,0.9628832360334849,0.12739596388152766,0.8354872721519573,suggest,0.7995009,c_2714
c_1896,Tech Enthusiast,0.40032611248613537,0.26129335934641484,0.13903275313972052,abstain,0.7699063,c_0904
c_1898,Health & Wellness Seeker,0.9030222954475076,0.1187301184549322,0.7842921769925754,suggest,0.6772202,c_2727
c_1899,Small Business & B2B,0.9771360043475016,0.3370168631085135,0.6401191412389882,suggest,0.7351506,c_1998
c_1900,Student & Learner,0.9504585047309139,0.3799534451501905,0.5705050595807233,suggest,0.7577229,c_0938
c_1901,Student & Learner,0.9462349079829745,0.6963927116484999,0.24984219633447458,suggest,0.75527936,c_1611
c_1903,Small Business & B2B,0.22666583485350938,0.09243298649690913,0.13423284835660027,abstain,0.7383605,c_2714
c_1904,Traveler & Leisure,0.9918633604089175,0.1170168865742246,0.8748464738346929,suggest,0.71788734,c_1611
c_1906,Small Business & B2B,0.972247887681364,0.13190218495070538,0.8403457027306587,suggest,0.9438014,c_2002
c_1909,Tech Enthusiast,0.5436106251205227,0.2717962448801771,0.2718143802403456,suggest_with_caution,0.81373155,c_1268
c_1910,Small Business & B2B,0.8932141118605315,0.7695457728167154,0.12366833904381602,suggest,0.9092556,c_2170
c_1911,Health & Wellness Seeker,0.9744042365632566,0.08505147338583646,0.8893527631774201,suggest,0.8100333,c_0751
c_1912,Traveler & Leisure,0.8829005451245828,0.16964435176708598,0.7132561933574968,suggest,0.8162849,c_2865
c_1913,Small Business & B2B,0.7894690282054475,0.7197539972275839,0.06971503097786358,suggest_with_caution,0.65318817,c_0469
c_1915,Student & Learner,0.6171632065945328,0.3140027818277825,0.3031604247667503,suggest,0.72330785,c_0840
c_1916,Homeowner,0.6432517987889972,0.5086622798070696,0.1345895189819276,suggest,0.7575498,c_2865
c_1917,Tech Enthusiast,0.6587744966465121,0.599384240554704,0.05939025609180815,suggest_with_caution,0.80485916,c_1159
c_1918,Tech Enthusiast,0.9443899747968197,0.4181028422005757,0.526287132596244,suggest,0.83146286,c_0359
c_1919,Traveler & Leisure,0.7920044929306247,0.2051469723355682,0.5868575205950565,suggest,0.86360496,c_2865
c_1920,Health & Wellness Seeker,0.692340832737283,0.3394416278820099,0.3528992048552731,suggest,0.66827804,c_0473
c_1921,Traveler & Leisure,0.8258238484831474,0.30317388673795664,0.5226499617451907,suggest,0.77368003,c_1341
c_1922,Small Business & B2B,0.8585599102089476,0.3268923778582383,0.5316675323507093,suggest,0.7419001,c_2061
c_1924,Traveler & Leisure,0.9294573660793514,0.7391110681776077,0.19034629790174362,suggest,0.6916928,c_2823
c_1925,Traveler & Leisure,0.38222843026964903,0.3571490222865296,0.025079407983119417,abstain,0.79010445,c_1122
c_1926,Small Business & B2B,0.612455121405558,0.3603385704838544,0.2521165509217036,suggest,0.7449135,c_2802
c_1927,Traveler & Leisure,0.7498754122361554,0.4308464453159557,0.3190289669201997,suggest,0.75329715,c_0573
c_1928,Health & Wellness Seeker,0.9540034237805854,0.41128576189578303,0.5427176618848024,suggest,0.801197,c_0473
c_1929,Tech Enthusiast,0.4525684442084103,0.43512651154802473,0.017441932660385573,suggest_with_caution,0.69512737,c_0904
c_1930,Small Business & B2B,0.4444591614535585,0.25229147644132394,0.19216768501223458,abstain,0.7127763,c_1268
c_1932,Homeowner,0.9016872866477855,0.551112899654576,0.35057438699320953,suggest,0.74711967,c_0913
c_1933,Small Business & B2B,0.8939083224398275,0.7342365163292116,0.15967180611061593,suggest,0.62948984,c_1203
c_1934,Tech Enthusiast,0.9713434340660669,0.6926645824155823,0.27867885165048467,suggest,0.9091617,c_1490
c_1935,Tech Enthusiast,0.8541256321433486,0.196891925169186,0.6572337069741626,suggest,0.6507988,c_0573
c_1936,Student & Learner,0.8912506226706365,0.4078868074821653,0.48336381518847116,suggest,0.9433694,c_0455
c_1937,Tech Enthusiast,0.3459255497474729,0.2557025970391357,0.09022295270833719,abstain,0.7472465,c_0473
c_1938,Health & Wellness Seeker,0.5597262896536966,0.34084192278413117,0.21888436686956547,suggest_with_caution,0.7600286,c_1994
c_1939,Student & Learner,0.5609708081005571,0.26147354499508857,0.29949726310546854,suggest_with_caution,0.7594983,c_1998
c_1940,Parent & Family,0.7071891398090137,0.7062230856046835,0.0009660542043301579,suggest_with_caution,0.74450976,c_1404
c_1941,Small Business & B2B,0.6149207093073891,0.5038122462448457,0.1111084630625434,suggest,0.7461418,c_2802
c_1944,Small Business & B2B,0.7484390748199825,0.17133641575158215,0.5771026590684003,suggest,0.7352274,c_1267
c_1946,Small Business & B2B,0.8624702602245532,0.46917411377468576,0.39329614644986743,suggest,0.6866308,c_1800
c_1947,Tech Enthusiast,0.7450116569934425,0.2958873136187211,0.4491243433747214,suggest,0.78403336,c_1049
c_1948,Retiree & Senior,0.3408242246715429,0.32243514476180357,0.018389079909739314,abstain,0.7517761,c_1404
c_1949,Health & Wellness Seeker,0.6523804602304722,0.2816871458211147,0.37069331440935754,suggest,0.6919191,c_2391
c_1950,Tech Enthusiast,0.9270544277811685,0.6147384955445786,0.31231593223658993,suggest,0.7613865,c_0359
c_1951,Traveler & Leisure,0.9886572736124261,0.2784074498439094,0.7102498237685166,suggest,0.57406026,c_1842
c_1952,Tech Enthusiast,0.7628828620548112,0.21089350088947514,0.551989361165336,suggest,0.77931213,c_0573
c_1953,Traveler & Leisure,0.5919429678186142,0.18221835707201536,0.4097246107465988,suggest_with_caution,0.8124411,c_2672
c_1955,Student & Learner,0.5988442842903607,0.5267616102255976,0.0720826740647631,suggest_with_caution,0.64049584,c_0327
c_1956,Traveler & Leisure,0.6328113520323742,0.48814781572266863,0.14466353630970552,suggest,0.6936996,c_1579
c_1958,Student & Learner,0.6032091616579562,0.3435008644133478,0.2597082972446084,suggest,0.74468297,c_2436
c_1959,Homeowner,0.5590306475997429,0.5343174828088476,0.024713164790895248,suggest_with_caution,0.7242846,c_0518
c_1960,Traveler & Leisure,0.822313875491422,0.13025112218899196,0.6920627533024301,suggest,0.8427712,c_2823
c_1961,Small Business & B2B,0.9898503316172377,0.4460110028516197,0.543839328765618,suggest,0.90035003,c_1800
c_1962,Health & Wellness Seeker,0.9808137550482497,0.0470202074435757,0.933793547604674,suggest,0.6612216,c_1286
c_1964,Tech Enthusiast,0.9942733384544651,0.7369025631931202,0.2573707752613449,suggest,0.87005883,c_2313
c_1965,Small Business & B2B,0.7527735637307071,0.41710546825378525,0.3356680954769219,suggest,0.76305574,c_0913
c_1968,Health & Wellness Seeker,0.5093907607002108,0.37601037411792054,0.1333803865822903,suggest_with_caution,0.80087847,c_1329
c_1969,Health & Wellness Seeker,0.9544971115016337,0.2684513996138912,0.6860457118877425,suggest,0.6530615,c_1994
c_1970,Tech Enthusiast,0.9055313117698979,0.22244607033264074,0.6830852414372571,suggest,0.63813144,c_0013
c_1971,Tech Enthusiast,0.5384466438267196,0.32382231496754194,0.21462432885917765,suggest_with_caution,0.7899513,c_1923
c_1972,Tech Enthusiast,0.5757951238518649,0.19395203951340453,0.38184308433846037,suggest_with_caution,0.81326437,c_1268
c_1973,Traveler & Leisure,0.8072274895791014,0.7932002956655769,0.014027193913524472,suggest_with_caution,0.73908275,c_1414
c_1974,Homeowner,0.6175551088292496,0.1648800458790991,0.4526750629501505,suggest,0.7916797,c_2662
c_1975,Traveler & Leisure,0.9797579130442573,0.49159779571310863,0.48816011733114867,suggest,0.6309449,c_1998
c_1976,Traveler & Leisure,0.9318578285498942,0.33654213999742005,0.5953156885524742,suggest,0.6801987,c_0573
c_1977,Traveler & Leisure,0.40443065753108215,0.2278551970776047,0.17657546045347744,abstain,0.7331933,c_1122
c_1978,Traveler & Leisure,0.24748941014223508,0.206024995423003,0.04146441471923207,abstain,0.60295266,c_2363
c_1980,Student & Learner,0.4845318608394386,0.3162775264114813,0.16825433442795729,suggest_with_caution,0.75436276,c_0000
c_1981,Traveler & Leisure,0.8843717074898345,0.3076933823532894,0.576678325136545,suggest,0.68311507,c_2437
c_1982,Tech Enthusiast,0.8272361305659498,0.56611656946856,0.26111956109738976,suggest,0.70408225,c_2125
c_1984,Traveler & Leisure,0.24925470965641852,0.20030891200554293,0.04894579765087559,abstain,0.8352746,c_1122
c_1985,Health & Wellness Seeker,0.7281943783243294,0.46557507345454757,0.26261930486978186,suggest,0.7005878,c_1179
c_1986,Student & Learner,0.7298759490624144,0.3596205750842909,0.37025537397812347,suggest,0.69076216,c_1074
c_1987,Traveler & Leisure,0.9895740534211085,0.14222146549647552,0.847352587924633,suggest,0.71782285,c_0491
c_1988,Small Business & B2B,0.9341421220186819,0.22397070272970607,0.7101714192889758,suggest,0.8333138,c_2705
c_1989,Traveler & Leisure,0.9986050981599157,0.09362514525876578,0.90497995290115,suggest,0.5979304,c_2120
c_1990,Traveler & Leisure,0.9582584256945649,0.15704139929215274,0.8012170264024121,suggest,0.87573373,c_0679
c_1992,Traveler & Leisure,0.9169391115262718,0.14690142382237054,0.7700376877039012,suggest,0.7421688,c_1072
c_1993,Tech Enthusiast,0.5909280192575671,0.17825460196340098,0.4126734172941661,suggest_with_caution,0.7358091,c_1830
c_1995,Traveler & Leisure,0.9202203928994981,0.3588268518995514,0.5613935409999466,suggest,0.7051461,c_1122
c_1996,Tech Enthusiast,0.5997878885949964,0.4059236842127497,0.19386420438224672,suggest_with_caution,0.7369938,c_1072
c_1997,Tech Enthusiast,0.9567481673850576,0.3715278103949947,0.5852203569900629,suggest,0.9168126,c_2806
c_1999,Student & Learner,0.9958027401874028,0.14828986405798664,0.8475128761294162,suggest,0.76833373,c_2630
c_2000,Traveler & Leisure,0.7036510344170271,0.44026086065939996,0.2633901737576272,suggest,0.5787065,c_2467
c_2001,Homeowner,0.647065851404934,0.3218434286424485,0.3252224227624855,suggest,0.8320263,c_1065
c_2003,Traveler & Leisure,0.9542824480482704,0.26030575928568556,0.6939766887625849,suggest,0.8324979,c_1521
c_2004,Homeowner,0.3915893568114757,0.3050944737736969,0.0864948830377788,abstain,0.7592004,c_2662
c_2008,Traveler & Leisure,0.9917183502255444,0.20734467579074464,0.7843736744347998,suggest,0.7730362,c_2672
c_2009,Traveler & Leisure,0.9375899519337507,0.12113717242652094,0.8164527795072298,suggest,0.7462024,c_2823
c_2010,Homeowner,0.6895587263026096,0.4660355205930299,0.22352320570957973,suggest,0.66575915,c_2286
c_2011,Tech Enthusiast,0.29183016373841747,0.20127828156657032,0.09055188217184715,abstain,0.8086785,c_1967
c_2012,Student & Learner,0.8733732953194528,0.4545599611913949,0.41881333412805793,suggest,0.8019079,c_0473
c_2013,Retiree & Senior,0.2218823422217554,0.149526605124475,0.07235573709728041,abstain,0.7928239,c_1994
c_2014,Health & Wellness Seeker,0.9876654974083403,0.19514677812654987,0.7925187192817904,suggest,0.7964937,c_1994
c_2016,Small Business & B2B,0.7694059708381864,0.4502479154755525,0.3191580553626339,suggest,0.81715673,c_0473
c_2017,Traveler & Leisure,0.9538884611275945,0.41281398643148287,0.5410744746961116,suggest,0.6170102,c_1041
c_2018,Traveler & Leisure,0.630065602508322,0.2339729926460573,0.3960926098622647,suggest,0.8729153,c_1943
c_2019,Student & Learner,0.6151918782922826,0.4638550548338882,0.1513368234583944,suggest,0.71342593,c_1627
c_2020,Tech Enthusiast,0.8601506419055711,0.30395987721667644,0.5561907646888946,suggest,0.944321,c_0050
c_2021,Homeowner,0.6779839307022315,0.26486405370681626,0.41311987699541525,suggest,0.73437124,c_2714
c_2022,Health & Wellness Seeker,0.36680664477241665,0.2622117617898307,0.10459488298258596,abstain,0.77070946,c_2619
c_2023,Traveler & Leisure,0.9920892068321805,0.5249116881175967,0.4671775187145838,suggest,0.5555213,c_1041
c_2026,Small Business & B2B,0.9857847331552115,0.2814871614884414,0.7042975716667701,suggest,0.65954226,c_1660
c_2027,Traveler & Leisure,0.9508805649879434,0.40661294125011405,0.5442676237378293,suggest,0.600326,c_1041
c_2028,Health & Wellness Seeker,0.877344328375983,0.13245884229298607,0.7448854860829969,suggest,0.81242615,c_1994
c_2029,Tech Enthusiast,0.5272301572850269,0.3236345578443131,0.20359559944071376,suggest_with_caution,0.7066424,c_0518
c_2030,Traveler & Leisure,0.9306093119078691,0.24921371794875957,0.6813955939591095,suggest,0.7099618,c_1404
c_2031,Tech Enthusiast,0.6670485571276683,0.3059454058832244,0.3611031512444439,suggest,0.81271386,c_2313
c_2032,Tech Enthusiast,0.7946630588283161,0.2446299235920904,0.5500331352362258,suggest,0.7818488,c_2313
c_2033,Homeowner,0.32436123205315864,0.3140758688709,0.010285363182258644,abstain,0.77001333,c_1892
c_2034,Traveler & Leisure,0.7427184733778333,0.37622494237240856,0.3664935310054247,suggest,0.78740793,c_1049
c_2036,Health & Wellness Seeker,0.8679221448789385,0.25192322270838924,0.6159989221705493,suggest,0.7925374,c_2727
c_2037,Traveler & Leisure,0.46948926117991263,0.34237908346507395,0.12711017771483868,suggest_with_caution,0.67093235,c_2793
c_2038,Health & Wellness Seeker,0.9878037764034217,0.33612182624900694,0.6516819501544147,suggest,0.6477087,c_0108
c_2041,Tech Enthusiast,0.6906315571331194,0.2440164025251958,0.4466151546079236,suggest,0.6521305,c_2288
c_2044,Traveler & Leisure,0.5826693417912834,0.2857833692129275,0.29688597257835586,suggest_with_caution,0.9541341,c_2793
c_2046,Small Business & B2B,0.9472830928619291,0.12520280627947547,0.8220802865824537,suggest,0.88711405,c_0907
c_2047,Tech Enthusiast,0.8128279229206054,0.14015729467558416,0.6726706282450212,suggest,0.8318632,c_2781
c_2048,Student & Learner,0.7133456762196768,0.572591891274156,0.14075378494552082,suggest,0.6919011,c_2363
c_2049,Homeowner,0.9847680212539341,0.36954958495788676,0.6152184362960473,suggest,0.84544617,c_0472
c_2050,Tech Enthusiast,0.5861106958956257,0.5735296179220939,0.012581077973531807,suggest_with_caution,0.73580426,c_0588
c_2052,Traveler & Leisure,0.9848748145407916,0.07413640630826723,0.9107384082325244,suggest,0.7698994,c_0327
c_2053,Traveler & Leisure,0.7411529138085763,0.3310011986013838,0.4101517152071925,suggest,0.7534809,c_0491
c_2055,Traveler & Leisure,0.4498773168451186,0.23739537729766752,0.2124819395474511,abstain,0.6351096,c_2061
c_2056,Traveler & Leisure,0.881985779690089,0.30078915369773496,0.581196625992354,suggest,0.6841955,c_1176
c_2057,Health & Wellness Seeker,0.6784681442597114,0.4893945765244225,0.18907356773528888,suggest,0.80697507,c_1125
c_2059,Small Business & B2B,0.3947413328377954,0.3223408940424413,0.07240043879535407,abstain,0.76871717,c_1122
c_2060,Health & Wellness Seeker,0.5365443955067699,0.2641267495116976,0.2724176459950723,suggest_with_caution,0.7953939,c_0473
c_2062,Health & Wellness Seeker,0.2811763800269303,0.19184556770726172,0.08933081231966858,abstain,0.73121524,c_1573
c_2063,Traveler & Leisure,0.9567781049548049,0.2127678844105102,0.7440102205442947,suggest,0.7480701,c_0573
c_2064,Traveler & Leisure,0.703320584409265,0.31127756079053953,0.3920430236187255,suggest,0.71160185,c_0059
c_2065,Traveler & Leisure,0.9089607586023789,0.20791794511209805,0.7010428134902809,suggest,0.6045504,c_1041
c_2066,Student & Learner,0.5673246247984567,0.1159028652249003,0.4514217595735564,suggest_with_caution,0.8889051,c_0457
c_2067,Tech Enthusiast,0.9346836980490129,0.11629124333566943,0.8183924547133434,suggest,0.74328434,c_1453
c_2068,Student & Learner,0.9718307098826904,0.29631294881738013,0.6755177610653103,suggest,0.8464841,c_0473
c_2069,Small Business & B2B,0.8993251968879877,0.18151929166547215,0.7178059052225156,suggest,0.6894954,c_0562
c_2070,Traveler & Leisure,0.61709045974546,0.22849562924503372,0.3885948305004262,suggest,0.7440298,c_0694
c_2071,Student & Learner,0.9860708996886608,0.22701230760799923,0.7590585920806616,suggest,0.8872506,c_2398
c_2072,Traveler & Leisure,0.9820585028861337,0.14141211857546918,0.8406463843106645,suggest,0.65580285,c_1404
c_2073,Tech Enthusiast,0.8602021498899604,0.3591757826558357,0.5010263672341246,suggest,0.73268235,c_2313
c_2076,Traveler & Leisure,0.9134107934704297,0.1906217056532302,0.7227890878171995,suggest,0.6556676,c_1706
c_2077,Traveler & Leisure,0.6683349368033706,0.47810946074445776,0.19022547605891288,suggest,0.7090437,c_1241
c_2078,Student & Learner,0.9997534979112512,0.20119578920889014,0.7985577087023611,suggest,0.8877177,c_2474
c_2079,Homeowner,0.7453953259799773,0.24728498093358248,0.4981103450463948,suggest,0.82788515,c_1065
c_2081,Health & Wellness Seeker,0.7031959477733318,0.2970176278353922,0.4061783199379396,suggest,0.7513662,c_2327
c_2084,Health & Wellness Seeker,0.9230493261588126,0.16018399512803805,0.7628653310307746,suggest,0.7913119,c_1329
c_2085,Homeowner,0.4672211563519308,0.4394679479073643,0.02775320844456647,suggest_with_caution,0.7698364,c_2865
c_2086,Traveler & Leisure,0.8736397293701278,0.1932553332916699,0.6803843960784579,suggest,0.7129599,c_2089
c_2087,Homeowner,0.4706961990302919,0.4132926633329807,0.057403535697311214,suggest_with_caution,0.65097785,c_2434
c_2088,Traveler & Leisure,0.829566694559182,0.3945232472293741,0.4350434473298079,suggest,0.79380274,c_1180
c_2090,Health & Wellness Seeker,0.5054067020322,0.34740915336211536,0.1579975486700846,suggest_with_caution,0.7130233,c_2793
c_2092,Health & Wellness Seeker,0.4216901416107655,0.11474609268505093,0.3069440489257146,abstain,0.8021997,c_1404
c_2093,Homeowner,0.5018605130505853,0.3034721043813882,0.1983884086691971,suggest_with_caution,0.7594752,c_2662
c_2095,Small Business & B2B,0.5868117716524383,0.313436572273075,0.2733751993793633,suggest_with_caution,0.8120099,c_1404
c_2096,Small Business & B2B,0.9713343325526362,0.10140152721533162,0.8699328053373047,suggest,0.76014256,c_1991
c_2097,Health & Wellness Seeker,0.7683328874281643,0.3157462227575801,0.4525866646705842,suggest,0.8197709,c_1883
c_2098,Traveler & Leisure,0.46000231921606444,0.25094856389885195,0.2090537553172125,suggest_with_caution,0.74676394,c_2865
c_2100,Small Business & B2B,0.4346926562111207,0.24860865473642513,0.18608400147469556,abstain,0.7483981,c_2164
c_2101,Traveler & Leisure,0.8520405462803181,0.6554196156573737,0.1966209306229444,suggest,0.64945614,c_1983
c_2102,Tech Enthusiast,0.5680640531796545,0.18090636623348924,0.38715768694616526,suggest_with_caution,0.7777445,c_1122
c_2103,Health & Wellness Seeker,0.9540098012978432,0.2651815129850817,0.6888282883127614,suggest,0.7124856,c_1963
c_2106,Student & Learner,0.3447649628717848,0.21511843749161927,0.12964652538016555,abstain,0.6980027,c_2781
c_2108,Homeowner,0.9865231027741074,0.22702259201763866,0.7595005107564687,suggest,0.89736354,c_0684
c_2109,Traveler & Leisure,0.9650688912860093,0.1981239292784394,0.7669449620075699,suggest,0.6563904,c_2487
c_2110,Homeowner,0.8400179670466853,0.2279055303739108,0.6121124366727745,suggest,0.9191339,c_1250
c_2113,Traveler & Leisure,0.7860551935603063,0.3709447686038357,0.4151104249564706,suggest,0.77942175,c_1072
c_2116,Small Business & B2B,0.8804578726274698,0.3132534674364913,0.5672044051909785,suggest,0.9385334,c_1071
c_2118,Health & Wellness Seeker,0.8151731499730024,0.2801169877262478,0.5350561622467546,suggest,0.7663014,c_1286
c_2119,Tech Enthusiast,0.5430123776599675,0.12093585866273063,0.42207651899723686,suggest_with_caution,0.78734124,c_2313
c_2121,Student & Learner,0.3216123425107443,0.28444157500236866,0.03717076750837561,abstain,0.8480417,c_1159
c_2122,Health & Wellness Seeker,0.8023290725512965,0.199022257830555,0.6033068147207414,suggest,0.86145866,c_1329
c_2123,Small Business & B2B,0.7241341771200328,0.3510646487103329,0.3730695284096999,suggest,0.8410121,c_1122
c_2124,Small Business & B2B,0.5803382051967895,0.5032108050277635,0.07712740016902597,suggest_with_caution,0.71051395,c_1165
c_2126,Tech Enthusiast,0.9616008825054743,0.07909910531997551,0.8825017771854987,suggest,0.74900657,c_1705
c_2127,Health & Wellness Seeker,0.36876833299252704,0.21249543871404264,0.1562728942784844,abstain,0.79829067,c_1122
c_2130,Traveler & Leisure,0.9520657947941358,0.16687315609646508,0.7851926386976706,suggest,0.627116,c_1404
c_2131,Health & Wellness Seeker,0.8110430042165051,0.378845380734712,0.4321976234817931,suggest,0.8536994,c_0860
c_2132,Traveler & Leisure,0.5052270807132981,0.42039407518983635,0.08483300552346179,suggest_with_caution,0.7630954,c_1994
c_2133,Traveler & Leisure,0.9843848275933279,0.07656775088265406,0.9078170767106738,suggest,0.68251324,c_2487
c_2134,Tech Enthusiast,0.7191396006238493,0.26835520742955477,0.45078439319429453,suggest,0.76583725,c_2313
c_2135,Traveler & Leisure,0.9879118477457326,0.04579453146305174,0.9421173162826808,suggest,0.75098675,c_2672
c_2136,Traveler & Leisure,0.9621408754437413,0.49477090635198956,0.4673699690917517,suggest,0.62766594,c_0327
c_2137,Health & Wellness Seeker,0.657926159845259,0.4334202274350479,0.22450593241021116,suggest,0.6761993,c_1729
c_2138,Traveler & Leisure,0.6220156193918952,0.39502800709343444,0.22698761229846076,suggest,0.79738677,c_2570
c_2139,Traveler & Leisure,0.9920882932494578,0.20512105623496224,0.7869672370144956,suggest,0.7514084,c_1521
c_2140,Small Business & B2B,0.4607306857131918,0.1969261561475967,0.2638045295655951,suggest_with_caution,0.655487,c_0319
c_2142,Traveler & Leisure,0.9505661585179717,0.1177570570419703,0.8328091014760014,suggest,0.6826752,c_1122
c_2143,Tech Enthusiast,0.7202356799928396,0.4923387297428771,0.22789695024996243,suggest,0.6625379,c_0359
c_2144,Traveler & Leisure,0.9764787425267754,0.16234541573008937,0.8141333267966859,suggest,0.6680933,c_0559
c_2145,Traveler & Leisure,0.5133777654699986,0.5066246341503506,0.0067531313196479426,suggest_with_caution,0.764074,c_0473
c_2146,Homeowner,0.9511562537211815,0.3018983921033928,0.6492578616177886,suggest,0.7882262,c_1387
c_2147,Traveler & Leisure,0.9597807286106598,0.21504284010177116,0.7447378885088887,suggest,0.63515025,c_2083
c_2149,Homeowner,0.5998265405433523,0.49088277176876843,0.10894376877458384,suggest_with_caution,0.91638607,c_2870
c_2150,Tech Enthusiast,0.5745290900499572,0.5690516982724984,0.005477391777458873,suggest_with_caution,0.8240012,c_2729
c_2152,Traveler & Leisure,0.8390781467240949,0.35512172317742935,0.4839564235466655,suggest,0.7280042,c_1159
c_2153,Health & Wellness Seeker,0.8758904551389293,0.45565874385530225,0.420231711283627,suggest,0.7892888,c_1502
c_2154,Tech Enthusiast,0.5338581983450853,0.16737361431890926,0.366484584026176,suggest_with_caution,0.7804269,c_0938
c_2155,Parent & Family,0.5577900606234559,0.5328350175446788,0.02495504307877716,suggest_with_caution,0.6772097,c_2286
c_2156,Homeowner,0.9805245221733461,0.5021333523578159,0.4783911698155302,suggest,0.8075747,c_0383
c_2158,Tech Enthusiast,0.6616464827442489,0.21819187691728836,0.4434546058269605,suggest,0.7332748,c_2418
c_2159,Traveler & Leisure,0.9550739180251627,0.1615962026661847,0.793477715358978,suggest,0.7383996,c_1072
c_2161,Health & Wellness Seeker,0.7796875396732095,0.2747475578672722,0.5049399818059372,suggest,0.71443677,c_1963
c_2163,Tech Enthusiast,0.6081812467742266,0.5288082166767029,0.07937303009752372,suggest_with_caution,0.82930905,c_1404
c_2167,Small Business & B2B,0.5758276474813041,0.2969710304177053,0.2788566170635988,suggest_with_caution,0.92792284,c_2157
c_2168,Traveler & Leisure,0.46296461894787777,0.3572193099842842,0.10574530896359358,suggest_with_caution,0.74887663,c_1329
c_2169,Health & Wellness Seeker,0.807711708728103,0.39084934500680396,0.4168623637212991,suggest,0.78462136,c_0664
c_2171,Health & Wellness Seeker,0.9660753669649645,0.17305370705247805,0.7930216599124865,suggest,0.8505963,c_1739
c_2172,Student & Learner,0.5489234567358197,0.20092690020646542,0.34799655652935424,suggest_with_caution,0.7749885,c_1983
c_2173,Student & Learner,0.840684107141572,0.3666971780976576,0.47398692904391443,suggest,0.7312623,c_1983
c_2174,Homeowner,0.5082344404615424,0.23474067256487208,0.27349376789667035,suggest_with_caution,0.74649215,c_0367
c_2175,Health & Wellness Seeker,0.9212253408101341,0.3983792952208206,0.5228460455893135,suggest,0.7927543,c_0916
c_2176,Tech Enthusiast,0.8426404978980304,0.24280835325845776,0.5998321446395727,suggest,0.68205726,c_0573
c_2177,Homeowner,0.5590107774461802,0.13236530752758427,0.426645469918596,suggest_with_caution,0.6673615,c_1905
c_2178,Traveler & Leisure,0.2827207918553016,0.2145464987982482,0.06817429305705339,abstain,0.72997355,c_2164
c_2179,Traveler & Leisure,0.9843878743167516,0.35679010410346856,0.627597770213283,suggest,0.71271884,c_0327
c_2181,Traveler & Leisure,0.9727730376869123,0.12011585515901928,0.852657182527893,suggest,0.62700385,c_0327
c_2182,Traveler & Leisure,0.8493383798949247,0.1954205256162915,0.6539178542786331,suggest,0.70780784,c_1203
c_2184,Traveler & Leisure,0.3758025602347998,0.19722983821701626,0.17857272201778354,abstain,0.68578905,c_0473
c_2186,Health & Wellness Seeker,0.8651355659416815,0.25204110665725415,0.6130944592844274,suggest,0.8457591,c_1967
c_2187,Tech Enthusiast,0.6669839183655764,0.4226292189904829,0.24435469937509346,suggest,0.7389195,c_2855
c_2188,Homeowner,0.6232829315737651,0.21401918405338574,0.4092637475203794,suggest,0.7773416,c_1065
c_2189,Traveler & Leisure,0.29209628803339227,0.21147748130020558,0.0806188067331867,abstain,0.706494,c_0367
c_2190,Tech Enthusiast,0.6767551870595319,0.3197593336934674,0.3569958533660645,suggest,0.7770459,c_1792
c_2191,Tech Enthusiast,0.47318988761430897,0.442007893148505,0.03118199446580394,suggest_with_caution,0.83657604,c_1122
c_2192,Health & Wellness Seeker,0.9411957746071167,0.5449120011108214,0.3962837734962953,suggest,0.7914238,c_1514
c_2193,Tech Enthusiast,0.6582904531532572,0.32931328399651216,0.328977169156745,suggest,0.78256947,c_2185
c_2194,Small Business & B2B,0.9695226369652992,0.18249050424665128,0.7870321327186479,suggest,0.8361253,c_1830
c_2195,Health & Wellness Seeker,0.8674680948470226,0.2823328005562699,0.5851352942907526,suggest,0.84900635,c_1994
c_2197,Health & Wellness Seeker,0.7361180742515908,0.41372555448605053,0.3223925197655403,suggest,0.7250706,c_0473
c_2198,Traveler & Leisure,0.9738560366903253,0.09811960819961833,0.875736428490707,suggest,0.6339532,c_1203
c_2199,Tech Enthusiast,0.2825825650610691,0.26784478126413047,0.01473778379693863,abstain,0.8467706,c_2781
c_2200,Health & Wellness Seeker,0.9737567938807313,0.08391952217433403,0.8898372717063973,suggest,0.77607155,c_1179
c_2201,Homeowner,0.9180224409138861,0.2967282378804113,0.6212942030334747,suggest,0.7644196,c_1065
c_2202,Tech Enthusiast,0.9178951074254909,0.22962194234459038,0.6882731650809004,suggest,0.73215574,c_1490
c_2203,Health & Wellness Seeker,0.5074020532305913,0.4113029570624684,0.0960990961681229,suggest_with_caution,0.6700368,c_0901
c_2204,Health & Wellness Seeker,0.7097396121038628,0.1374953155740038,0.5722442965298591,suggest,0.6545849,c_0750
c_2206,Traveler & Leisure,0.871836860674021,0.4098143214209022,0.4620225392531188,suggest,0.5054057,c_2083
c_2207,Traveler & Leisure,0.5880783692920656,0.3128621534002208,0.2752162158918448,suggest_with_caution,0.7276132,c_0840
c_2209,Traveler & Leisure,0.5569937786360729,0.29907618041625245,0.25791759821982047,suggest_with_caution,0.6514276,c_1954
c_2210,Homeowner,0.9674393979532209,0.28107164914414373,0.6863677488090771,suggest,0.7930365,c_1593
c_2211,Traveler & Leisure,0.8964397004211437,0.3540619692524622,0.5423777311686815,suggest,0.91824293,c_1180
c_2212,Traveler & Leisure,0.7441208537148654,0.6925074683579098,0.05161338535695559,suggest_with_caution,0.6221472,c_1179
c_2213,Parent & Family,0.9562918622073847,0.18912159167552584,0.7671702705318588,suggest,0.7249454,c_2587
c_2214,Health & Wellness Seeker,0.6044465633867911,0.24907367437836067,0.35537288900843045,suggest,0.78634727,c_1967
c_2215,Homeowner,0.7864834979591004,0.4610512385336986,0.3254322594254018,suggest,0.9478452,c_1065
c_2216,Health & Wellness Seeker,0.8375471693743908,0.252997545341193,0.5845496240331978,suggest,0.78328913,c_1994
c_2219,Retiree & Senior,0.7804139798362157,0.5031461366923058,0.27726784314390995,suggest,0.85445493,c_2752
c_2220,Health & Wellness Seeker,0.9850457691656523,0.16394703358214863,0.8210987355835038,suggest,0.82509553,c_0839
c_2221,Traveler & Leisure,0.939634081706062,0.1537030802990319,0.7859310014070301,suggest,0.7903395,c_2865
c_2222,Small Business & B2B,0.8704412737622755,0.28439178159751,0.5860494921647655,suggest,0.8259614,c_1122
c_2223,Traveler & Leisure,0.9509362428981726,0.15008409614226018,0.8008521467559124,suggest,0.8702072,c_0867
c_2224,Tech Enthusiast,0.7379829659618471,0.28265625395638083,0.45532671200546626,suggest,0.82892835,c_1072
c_2225,Traveler & Leisure,0.6482044318549793,0.08314209769604537,0.5650623341589339,suggest,0.74433845,c_0618
c_2226,Retiree & Senior,0.4676462598572253,0.3014817928519359,0.16616446700528942,suggest_with_caution,0.6546922,c_1404
c_2227,Traveler & Leisure,0.9417857071948914,0.4195596518138071,0.5222260553810842,suggest,0.70701456,c_1072
c_2228,Traveler & Leisure,0.6113002997845309,0.14380539538179507,0.4674949044027359,suggest,0.57478684,c_0059
c_2229,Tech Enthusiast,0.664272027113225,0.45308933320586114,0.21118269390736383,suggest,0.91386896,c_0390
c_2230,Traveler & Leisure,0.9616850984767782,0.1269345520386891,0.8347505464380891,suggest,0.8702232,c_1706
c_2231,Traveler & Leisure,0.8277791498400016,0.49689086248394027,0.3308882873560613,suggest,0.86961496,c_1165
c_2233,Homeowner,0.9318067944301796,0.12866857626324713,0.8031382181669324,suggest,0.7822891,c_1065
c_2235,Traveler & Leisure,0.7679008781032886,0.4910205719630412,0.27688030614024733,suggest,0.78330094,c_1049
c_2236,Health & Wellness Seeker,0.22619774856855188,0.21657377245887746,0.009623976109674415,abstain,0.7379509,c_2164
c_2237,Health & Wellness Seeker,0.9438147578028837,0.5461845788170416,0.3976301789858421,suggest,0.70364815,c_1994
c_2238,Tech Enthusiast,0.8358761316401817,0.2268015326594911,0.6090745989806906,suggest,0.86844844,c_2792
c_2239,Retiree & Senior,0.8996680586835495,0.31708959930544656,0.5825784593781029,suggest,0.83094954,c_0507
c_2241,Small Business & B2B,0.46965076513006104,0.44659640363553865,0.02305436149452239,suggest_with_caution,0.7598719,c_2619
c_2245,Health & Wellness Seeker,0.6823834263475751,0.20483767010821863,0.47754575623935647,suggest,0.74336225,c_0860
c_2246,Traveler & Leisure,0.9546007418301568,0.09020791456920307,0.8643928272609537,suggest,0.73449177,c_1521
c_2247,Homeowner,0.3426398172317761,0.32038629389534723,0.022253523336428882,abstain,0.78430504,c_0473
c_2248,Traveler & Leisure,0.7897714670178679,0.6079292017905743,0.18184226522729363,suggest,0.7431631,c_0840
c_2249,Student & Learner,0.8460495640743313,0.4975836657770504,0.3484658982972809,suggest,0.71441746,c_1998
c_2250,Homeowner,0.853532464241062,0.7940429508452135,0.059489513395848514,suggest_with_caution,0.685666,c_2767
c_2251,Traveler & Leisure,0.5850837810695646,0.14629800926554265,0.43878577180402195,suggest_with_caution,0.7240968,c_1627
c_2254,Homeowner,0.4961769938139617,0.16426949885567926,0.3319074949582824,suggest_with_caution,0.9885902,c_1065
c_2255,Retiree & Senior,0.7679025152008826,0.2275343712762302,0.5403681439246524,suggest,0.7329108,c_2714
c_2256,Small Business & B2B,0.9753088432798599,0.5825212844890638,0.3927875587907961,suggest,0.8970878,c_1800
c_2257,Traveler & Leisure,0.5888286647374054,0.10433891843171705,0.4844897463056883,suggest_with_caution,0.4492901,c_0345
c_2258,Health & Wellness Seeker,0.9251698802061556,0.1210602835629392,0.8041095966432165,suggest,0.7073601,c_2305
c_2259,Parent & Family,0.620601033716483,0.5079077921178713,0.11269324159861172,suggest,0.74243504,c_2434
c_2261,Small Business & B2B,0.8793898615027268,0.18097091632962836,0.6984189451730984,suggest,0.7489644,c_0126
c_2262,Traveler & Leisure,0.8358838376998474,0.30799875165478263,0.5278850860450648,suggest,0.74785626,c_2823
c_2263,Tech Enthusiast,0.8333732079541128,0.4306429588442799,0.40273024910983296,suggest,0.7787861,c_1785
c_2264,Parent & Family,0.9918298021857288,0.39422572506312803,0.5976040771226008,suggest,0.75161964,c_1311
c_2265,Student & Learner,0.3759435555489394,0.2761377053060845,0.09980585024285488,abstain,0.71377075,c_0651
c_2267,Health & Wellness Seeker,0.9131712119241494,0.11125460568400283,0.8019166062401466,suggest,0.89732003,c_2841
c_2268,Traveler & Leisure,0.49476438793606187,0.22270004094973678,0.2720643469863251,suggest_with_caution,0.67940706,c_0573
c_2269,Tech Enthusiast,0.8787319090516922,0.2306244196659632,0.648107489385729,suggest,0.7313984,c_0518
c_2270,Traveler & Leisure,0.9665441771133377,0.34102559008936495,0.6255185870239728,suggest,0.71247274,c_1203
c_2271,Health & Wellness Seeker,0.7392785692636397,0.18193064591304162,0.557347923350598,suggest,0.6150858,c_1963
c_2272,Student & Learner,0.3169038701523807,0.15763961270556795,0.15926425744681275,abstain,0.82339835,c_0910
c_2273,Health & Wellness Seeker,0.8107269264363698,0.25809834873852805,0.5526285776978417,suggest,0.73958665,c_1404
c_2274,Student & Learner,0.7210660234526549,0.29538622179298224,0.4256798016596727,suggest,0.73702586,c_0913
c_2275,Traveler & Leisure,0.41861758225711576,0.17305444828837974,0.24556313396873602,abstain,0.64308923,c_0202
c_2277,Traveler & Leisure,0.8152019125100809,0.7875038530079875,0.027698059502093364,suggest_with_caution,0.8667208,c_2823
c_2278,Traveler & Leisure,0.703257929181004,0.35116761565006943,0.3520903135309346,suggest,0.80493087,c_2823
c_2280,Small Business & B2B,0.9725194292274905,0.43403866728554885,0.5384807619419416,suggest,0.89693046,c_0735
c_2281,Student & Learner,0.9861702905567831,0.1788961040095049,0.8072741865472781,suggest,0.6428932,c_1205
c_2282,Tech Enthusiast,0.9717498176877177,0.2893013831561099,0.6824484345316078,suggest,0.67410666,c_0429
c_2283,Homeowner,0.980783354110308,0.1368056597105797,0.8439776943997284,suggest,0.7637107,c_1162
c_2284,Tech Enthusiast,0.9486819478413697,0.19040731876457306,0.7582746290767967,suggest,0.6977032,c_1061
c_2285,Homeowner,0.9756770625980593,0.14217910230783118,0.8334979602902282,suggest,0.770378,c_2755
c_2289,Small Business & B2B,0.3566461149413456,0.33530148379851554,0.021344631142830084,abstain,0.8643495,c_1065
c_2290,Homeowner,0.863033625602011,0.42653921109765847,0.43649441450435256,suggest,0.96279424,c_2378
c_2291,Student & Learner,0.8475748544599462,0.3999847600467134,0.4475900944132328,suggest,0.7662524,c_0473
c_2292,Student & Learner,0.7817979331476409,0.14209178932410782,0.6397061438235331,suggest,0.77579653,c_1065
c_2293,Student & Learner,0.7434284012746217,0.37671782049942554,0.3667105807751962,suggest,0.90938133,c_2080
c_2294,Small Business & B2B,0.4991731886095329,0.2996423054897094,0.19953088311982353,suggest_with_caution,0.80893713,c_1122
c_2295,Homeowner,0.6536094956790685,0.3578072913242559,0.2958022043548125,suggest,0.9539886,c_1065
c_2296,Tech Enthusiast,0.8464355489803882,0.2380513500121215,0.6083841989682667,suggest,0.9365697,c_2243
c_2298,Student & Learner,0.52731692177676,0.3379557448120299,0.18936117696473015,suggest_with_caution,0.70070803,c_0750
c_2300,Health & Wellness Seeker,0.9298177741265052,0.14888373051066683,0.7809340436158384,suggest,0.78834164,c_1514
c_2301,Homeowner,0.41096676230179846,0.2885782109460253,0.12238855135577315,abstain,0.7820178,c_1065
c_2302,Homeowner,0.6478881765233918,0.30412416605600695,0.34376401046738486,suggest,0.8756064,c_1827
c_2303,Small Business & B2B,0.813821929985415,0.3293861852128252,0.4844357447725898,suggest,0.8083079,c_2870
c_2304,Small Business & B2B,0.534058240367627,0.2926598178962118,0.24139842247141513,suggest_with_caution,0.921601,c_2632
c_2306,Tech Enthusiast,0.4620340363459477,0.31402184983722203,0.14801218650872566,suggest_with_caution,0.7441152,c_2313
c_2307,Traveler & Leisure,0.9967369057641142,0.10890698589177028,0.8878299198723439,suggest,0.5529887,c_1072
c_2308,Small Business & B2B,0.9824336179024876,0.15918333310391802,0.8232502847985697,suggest,0.84101576,c_2369
c_2310,Health & Wellness Seeker,0.7211965315100992,0.5983252969384962,0.12287123457160298,suggest,0.74201244,c_2865
c_2311,Tech Enthusiast,0.9924651457957091,0.18493166444465958,0.8075334813510495,suggest,0.9186979,c_1725
c_2312,Traveler & Leisure,0.7639015767751342,0.4315466699017237,0.33235490687341046,suggest,0.75880957,c_1159
c_2314,Traveler & Leisure,0.8792222454015478,0.27256641422473465,0.6066558311768131,suggest,0.58921444,c_1404
c_2315,Student & Learner,0.9135846691311441,0.3605824655033428,0.5530022036278013,suggest,0.75516623,c_0913
c_2316,Traveler & Leisure,0.7639609498411069,0.39147947446130626,0.3724814753798006,suggest,0.7065336,c_1998
c_2317,Traveler & Leisure,0.8781434830217861,0.1913855360219478,0.6867579469998384,suggest,0.65169245,c_0621
c_2318,Health & Wellness Seeker,0.552543048106187,0.22698037055761786,0.32556267754856916,suggest_with_caution,0.68165094,c_0970
c_2319,Small Business & B2B,0.9426071004202772,0.24526199270138876,0.6973451077188884,suggest,0.9995445,c_1954
c_2320,Health & Wellness Seeker,0.9004958386882425,0.6372462205915262,0.2632496180967162,suggest,0.8194273,c_1994
c_2323,Traveler & Leisure,0.7071276042329083,0.18345112764323818,0.5236764765896702,suggest,0.6697945,c_2166
c_2324,Small Business & B2B,0.7021381965142043,0.4321376708015794,0.2700005257126249,suggest,0.8202509,c_0731
c_2325,Traveler & Leisure,0.6274458203229847,0.13683366318054024,0.49061215714244444,suggest,0.5324244,c_2151
c_2326,Health & Wellness Seeker,0.9367265330375889,0.5297651597160176,0.40696137332157134,suggest,0.7725584,c_0839
c_2329,Tech Enthusiast,0.5708551917810079,0.48877657246372247,0.08207861931728538,suggest_with_caution,0.8635771,c_1430
c_2330,Student & Learner,0.922997068964483,0.16349570287938367,0.7595013660850993,suggest,0.68955415,c_1205
c_2332,Health & Wellness Seeker,0.8895369865620988,0.24771838529939094,0.6418186012627078,suggest,0.70310533,c_0473
c_2333,Traveler & Leisure,0.9330360771911033,0.4400078630828569,0.4930282141082464,suggest,0.68732554,c_0518
c_2334,Student & Learner,0.6869569409060499,0.13852225041440464,0.5484346904916453,suggest,0.821729,c_2630
c_2335,Traveler & Leisure,0.9672983353078719,0.165251188178655,0.8020471471292169,suggest,0.8919641,c_1180
c_2336,Tech Enthusiast,0.8489080563025304,0.7368975525557355,0.11201050374679489,suggest,0.6600031,c_1402
c_2337,Health & Wellness Seeker,0.7336469323078131,0.32966321677312577,0.4039837155346873,suggest,0.8385525,c_0473
c_2338,Tech Enthusiast,0.7758360909817427,0.21230615149589246,0.5635299394858502,suggest,0.8346564,c_2313
c_2340,Traveler & Leisure,0.8624819393126181,0.27952898793659553,0.5829529513760225,suggest,0.7457165,c_0050
c_2341,Traveler & Leisure,0.9517334287953847,0.11177400885393984,0.8399594199414449,suggest,0.6394627,c_1564
c_2342,Homeowner,0.7523834516712801,0.44041336960957467,0.3119700820617054,suggest,0.7564738,c_1065
c_2343,Health & Wellness Seeker,0.4796000505360067,0.3105038216345517,0.16909622890145498,suggest_with_caution,0.6851262,c_1135
c_2344,Homeowner,0.48841993769215325,0.31618800160356364,0.1722319360885896,suggest_with_caution,0.7137475,c_0367
c_2345,Tech Enthusiast,0.7286159933179467,0.44443006462418233,0.28418592869376436,suggest,0.5739259,c_1402
c_2346,Homeowner,0.6371362942991831,0.3817674747295981,0.25536881956958496,suggest,0.6971133,c_1404
c_2347,Small Business & B2B,0.6029916288369729,0.24270626605672144,0.3602853627802515,suggest,0.79525393,c_1122
c_2348,Traveler & Leisure,0.9000995068146745,0.3899419538118303,0.5101575530028443,suggest,0.7385948,c_1611
c_2349,Small Business & B2B,0.6922539516660228,0.3207399901564375,0.37151396150958527,suggest,0.6698262,c_0664
c_2351,Traveler & Leisure,0.806116677699856,0.7938026041557608,0.012314073544095194,suggest_with_caution,0.67984575,c_0327
c_2353,Homeowner,0.8978936995268877,0.6653187269119631,0.23257497261492455,suggest,0.73138016,c_0367
c_2355,Health & Wellness Seeker,0.6790293458878172,0.19450968976376065,0.4845196561240565,suggest,0.7592163,c_1967
c_2356,Traveler & Leisure,0.9841356796157567,0.07023783981143512,0.9138978398043215,suggest,0.7601579,c_2083
c_2357,Homeowner,0.9833252640166218,0.12288291395222159,0.8604423500644002,suggest,0.6487185,c_2035
c_2358,Retiree & Senior,0.2433755472729213,0.22253603041369477,0.020839516859226526,abstain,0.8048265,c_1166
c_2359,Traveler & Leisure,0.454694276569126,0.23423655282692904,0.22045772374219694,suggest_with_caution,0.5658371,c_0518
c_2360,Small Business & B2B,0.9411864845220449,0.5564103507927466,0.3847761337292983,suggest,0.90159917,c_2564
c_2362,Small Business & B2B,0.5868077446787987,0.40868987658828737,0.17811786809051133,suggest_with_caution,0.8154778,c_2714
c_2367,Health & Wellness Seeker,0.9125547792048387,0.28460885113861306,0.6279459280662256,suggest,0.917937,c_2808
c_2368,Homeowner,0.4835422492170056,0.3622945118123679,0.12124773740463773,suggest_with_caution,0.8212677,c_1065
c_2370,Student & Learner,0.757480582377783,0.7001896097209557,0.057290972656827366,suggest_with_caution,0.81440145,c_0000
c_2371,Traveler & Leisure,0.44333500240072393,0.416105341608953,0.027229660791770915,abstain,0.7576291,c_2865
c_2372,Tech Enthusiast,0.9773077153803245,0.27872936998882336,0.6985783453915011,suggest,0.72767586,c_1072
c_2373,Small Business & B2B,0.9342121283193352,0.24197080780984848,0.6922413205094867,suggest,0.9523658,c_2436
c_2375,Tech Enthusiast,0.9092684210148204,0.07459008456705127,0.8346783364477691,suggest,0.75820524,c_1446
c_2376,Traveler & Leisure,0.9112604383370614,0.17230053164136602,0.7389599066956953,suggest,0.611713,c_0327
c_2377,Health & Wellness Seeker,0.36431958361379896,0.24911520373935123,0.11520437987444773,abstain,0.84077275,c_1159
c_2379,Homeowner,0.7016204513811259,0.29700638217167313,0.4046140692094528,suggest,0.76317614,c_1994
c_2380,Traveler & Leisure,0.7463697468684117,0.1478309347225188,0.598538812145893,suggest,0.8104773,c_2823
c_2381,Tech Enthusiast,0.9324962222503813,0.29525803347608587,0.6372381887742955,suggest,0.81565666,c_0346
c_2382,Health & Wellness Seeker,0.7834734656104458,0.6200535640328261,0.16341990157761976,suggest,0.803527,c_1889
c_2383,Small Business & B2B,0.5648134395396133,0.4889996715829324,0.07581376795668088,suggest_with_caution,0.7308565,c_2043
c_2385,Homeowner,0.8159436790984114,0.3996180321347378,0.4163256469636736,suggest,0.6087119,c_0659
c_2386,Homeowner,0.9702307383169053,0.2692008637963441,0.7010298745205612,suggest,0.7814787,c_0367
c_2387,Homeowner,0.4008724517634977,0.3523171352134701,0.048555316550027594,abstain,0.8274575,c_1792
c_2388,Student & Learner,0.8039611861058864,0.6776974956837815,0.12626369042210495,suggest,0.6572762,c_1998
c_2389,Tech Enthusiast,0.514893544814835,0.1386985251706888,0.37619501964414614,suggest_with_caution,0.73410803,c_1404
c_2390,Student & Learner,0.7785720137673349,0.23500455038747856,0.5435674633798563,suggest,0.7344155,c_1983
c_2392,Small Business & B2B,0.991145189637039,0.34634981649220237,0.6447953731448366,suggest,0.71672857,c_0752
c_2393,Student & Learner,0.6903823240578593,0.3595984601643905,0.33078386389346875,suggest,0.7831885,c_2714
c_2394,Homeowner,0.5181250791572263,0.31051741955995754,0.20760765959726873,suggest_with_caution,0.6703678,c_2714
c_2395,Traveler & Leisure,0.9144386775657741,0.20515075813980482,0.7092879194259694,suggest,0.57942885,c_1874
c_2396,Health & Wellness Seeker,0.9030776593040891,0.18200295873852929,0.7210747005655598,suggest,0.9556327,c_1889
c_2397,Homeowner,0.9917639624004853,0.45899076059478167,0.5327732018057036,suggest,0.7386429,c_1387
c_2399,Tech Enthusiast,0.4982531996743682,0.30985816937417965,0.18839503030018856,suggest_with_caution,0.746805,c_2865
c_2401,Traveler & Leisure,0.4759585593041253,0.3319358358191769,0.14402272348494838,suggest_with_caution,0.8091214,c_2865
c_2402,Tech Enthusiast,0.6847898486072588,0.4030808897745418,0.28170895883271696,suggest,0.93440694,c_0390
c_2404,Traveler & Leisure,0.7053318738949378,0.1405585164408635,0.5647733574540743,suggest,0.6162063,c_0495
c_2405,Homeowner,0.9545695039532337,0.7414653065288843,0.21310419742434938,suggest,0.72218966,c_2058
c_2406,Homeowner,0.9834130012009288,0.5059968711842079,0.4774161300167209,suggest,0.740796,c_0367
c_2407,Homeowner,0.5659422961147227,0.32037033960467787,0.24557195651004482,suggest_with_caution,0.74223834,c_2655
c_2408,Student & Learner,0.8045868334949007,0.34446743564144966,0.460119397853451,suggest,0.8553809,c_1998
c_2410,Small Business & B2B,0.6240808321249414,0.539584221127181,0.0844966109977604,suggest_with_caution,0.85041505,c_2313
c_2411,Traveler & Leisure,0.8332284057670796,0.19502759681596654,0.6382008089511131,suggest,0.7527354,c_1278
c_2412,Traveler & Leisure,0.8575420636431096,0.2138185841850807,0.6437234794580289,suggest,0.904843,c_2120
c_2413,Tech Enthusiast,0.4378767658727789,0.1694641696679917,0.2684125962047872,abstain,0.68275464,c_2601
c_2414,Tech Enthusiast,0.8150526952419987,0.11368453994331595,0.7013681552986828,suggest,0.8197843,c_2865
c_2415,Small Business & B2B,0.9022785394182873,0.5345901363091327,0.3676884031091546,suggest,0.6963264,c_0187
c_2416,Student & Learner,0.9835267559883779,0.22286582861641907,0.7606609273719589,suggest,0.7995652,c_1998
c_2417,Traveler & Leisure,0.9901885577040577,0.062293268957797354,0.9278952887462604,suggest,0.58012444,c_0846
c_2419,Small Business & B2B,0.7106475127354153,0.2743436788357286,0.4363038338996867,suggest,0.7456746,c_1122
c_2420,Student & Learner,0.9448908275554575,0.2700554840217575,0.6748353435337,suggest,0.7273644,c_1848
c_2421,Homeowner,0.729170339692709,0.4621909033544889,0.26697943633822,suggest,0.75440484,c_2714
c_2422,Health & Wellness Seeker,0.408990385754942,0.34334990253550646,0.06564048321943555,abstain,0.7117994,c_1892
c_2423,Student & Learner,0.4257531642750887,0.2899441707966754,0.1358089934784133,abstain,0.7870718,c_2434
c_2424,Traveler & Leisure,0.7019980818132665,0.31555740969296325,0.38644067212030325,suggest,0.56802213,c_0202
c_2425,Homeowner,0.8678081228900465,0.7047082582059497,0.16309986468409676,suggest,0.7311648,c_2391
c_2427,Tech Enthusiast,0.3514712245302831,0.2984346921579001,0.05303653237238304,abstain,0.76643425,c_2366
c_2428,Traveler & Leisure,0.8469111610188983,0.26942261116615024,0.577488549852748,suggest,0.8521632,c_1834
c_2429,Homeowner,0.8607555581383306,0.22481415243786934,0.6359414057004613,suggest,0.7797321,c_1065
c_2430,Small Business & B2B,0.7829935780737144,0.26093521092153077,0.5220583671521837,suggest,0.82445616,c_2870
c_2431,Small Business & B2B,0.8989599985091675,0.0920255930578876,0.8069344054512799,suggest,0.71051055,c_1991
c_2432,Health & Wellness Seeker,0.9294466950089622,0.2019442603931262,0.727502434615836,suggest,0.7986487,c_2327
c_2433,Small Business & B2B,0.8010539813294704,0.2886771340330888,0.5123768472963816,suggest,0.73917985,c_0743
c_2439,Traveler & Leisure,0.9414149727020121,0.14187101689964648,0.7995439558023656,suggest,0.76488364,c_0840
c_2440,Traveler & Leisure,0.8082759593553103,0.2444574190180478,0.5638185403372624,suggest,0.6925659,c_1404
c_2441,Retiree & Senior,0.604394020972627,0.3799083726385058,0.22448564833412116,suggest,0.8087822,c_2232
c_2442,Traveler & Leisure,0.5796578409956629,0.5616439721963417,0.01801386879932121,suggest_with_caution,0.8807882,c_0390
c_2443,Homeowner,0.46824000800376425,0.2542517974692707,0.21398821053449357,suggest_with_caution,0.7282895,c_1250
c_2444,Homeowner,0.30618520254987636,0.2384115563812626,0.06777364616861375,abstain,0.7457056,c_1065
c_2445,Traveler & Leisure,0.9085736672647118,0.16658098341921954,0.7419926838454922,suggest,0.46594808,c_1203
c_2446,Tech Enthusiast,0.6240807474937078,0.47746427660906615,0.14661647088464164,suggest,0.71661717,c_1579
c_2447,Homeowner,0.5417436620437299,0.34970328589887134,0.19204037614485858,suggest_with_caution,0.78582454,c_0367
c_2448,Tech Enthusiast,0.44514277582681655,0.4330953930646447,0.012047382762171877,abstain,0.7252173,c_1404
c_2449,Traveler & Leisure,0.9390661030730549,0.05442089379062564,0.8846452092824293,suggest,0.8228741,c_2823
c_2450,Tech Enthusiast,0.9428866090400471,0.43883870866399205,0.504047900376055,suggest,0.6943426,c_2180
c_2451,Traveler & Leisure,0.23591114827859103,0.13627295421418922,0.0996381940644018,abstain,0.63781506,c_1404
c_2452,Small Business & B2B,0.9478385312317761,0.18864686556915747,0.7591916656626186,suggest,0.8547741,c_1122
c_2453,Small Business & B2B,0.5137762253219813,0.19097224127699353,0.3228039840449878,suggest_with_caution,0.8200649,c_2870
c_2454,Tech Enthusiast,0.6296634832928774,0.38677922667825504,0.24288425661462232,suggest,0.9112168,c_0904
c_2455,Tech Enthusiast,0.9714986545165891,0.04604778633197417,0.925450868184615,suggest,0.6270914,c_2180
c_2456,Health & Wellness Seeker,0.5494417754127104,0.40081262834112424,0.1486291470715862,suggest_with_caution,0.8262532,c_1883
c_2457,Student & Learner,0.9576984847621861,0.39452828560663855,0.5631701991555476,suggest,0.764593,c_1176
c_2459,Tech Enthusiast,0.9476506812515735,0.658897594494177,0.2887530867573965,suggest,0.94043523,c_2313
c_2460,Health & Wellness Seeker,0.9873634318598614,0.12284232419274467,0.8645211076671168,suggest,0.8296359,c_1994
c_2463,Tech Enthusiast,0.39565705870955015,0.231827658354221,0.16382940035532914,abstain,0.95682186,c_2099
c_2464,Traveler & Leisure,0.4275400618418708,0.2233774172540698,0.20416264458780103,abstain,0.78016424,c_0444
c_2465,Traveler & Leisure,0.6489854053583527,0.17958425997347002,0.46940114538488265,suggest,0.69750845,c_1341
c_2468,Tech Enthusiast,0.8728718940393525,0.11637911528174068,0.7564927787576118,suggest,0.7195593,c_2313
c_2469,Small Business & B2B,0.6177069598556698,0.13284778193562566,0.4848591779200442,suggest,0.6841348,c_2714
c_2471,Small Business & B2B,0.755599464739441,0.6281059700483891,0.12749349469105187,suggest,0.82683736,c_1464
c_2472,Student & Learner,0.9104382081977472,0.14865271754959816,0.761785490648149,suggest,0.829827,c_2630
c_2473,Small Business & B2B,0.9575921217933542,0.09177565028204031,0.8658164715113139,suggest,0.90449625,c_2002
c_2475,Student & Learner,0.8255017248774831,0.5458871174283582,0.2796146074491249,suggest,0.9239856,c_0910
c_2476,Health & Wellness Seeker,0.985007478465244,0.0542759594770961,0.9307315189881479,suggest,0.75298625,c_1179
c_2477,Tech Enthusiast,0.9092038092560114,0.13624636411843472,0.7729574451375767,suggest,0.8202485,c_1159
c_2479,Student & Learner,0.6472216843166134,0.36501194008859755,0.28220974422801587,suggest,0.9131773,c_1050
c_2480,Tech Enthusiast,0.5491091303271021,0.4795116168575171,0.06959751346958498,suggest_with_caution,0.74297434,c_2286
c_2481,Tech Enthusiast,0.9043398244939036,0.20894025762985521,0.6953995668640484,suggest,0.7222129,c_2107
c_2482,Small Business & B2B,0.3801755947997814,0.3358615838363703,0.04431401096341109,abstain,0.70088476,c_2366
c_2483,Student & Learner,0.6733231119359213,0.46131513456533657,0.21200797737058474,suggest,0.9033768,c_2080
c_2484,Retiree & Senior,0.9963755223637291,0.4355250151383548,0.5608505072253742,suggest,0.7842372,c_2112
c_2485,Student & Learner,0.7955780984826567,0.5773401039744768,0.21823799450817993,suggest,0.7563534,c_1176
c_2486,Tech Enthusiast,0.9923057655549402,0.17374711587329358,0.8185586496816466,suggest,0.7507959,c_0573
c_2488,Small Business & B2B,0.9300527283408222,0.33339100925374976,0.5966617190870724,suggest,0.9518481,c_1683
c_2489,Tech Enthusiast,0.8591836088240437,0.7686385040978003,0.09054510472624333,suggest_with_caution,0.93541354,c_2400
c_2492,Health & Wellness Seeker,0.8017922269890636,0.4946622697899079,0.3071299571991557,suggest,0.81071043,c_1329
c_2494,Small Business & B2B,0.8100759136222373,0.4234649369605068,0.3866109766617305,suggest,0.69792783,c_1998
c_2495,Small Business & B2B,0.5725252828543859,0.39630278262101465,0.17622250023337122,suggest_with_caution,0.7577512,c_0310
c_2498,Retiree & Senior,0.991133384377247,0.29457391094403834,0.6965594734332086,suggest,0.95575535,c_1639
c_2499,Health & Wellness Seeker,0.7113025961278806,0.4225857619150664,0.2887168342128142,suggest,0.7471161,c_1883
c_2500,Health & Wellness Seeker,0.6267527458529973,0.35319883062293794,0.2735539152300594,suggest,0.82493174,c_1994
c_2501,Traveler & Leisure,0.608170714752201,0.531116632896911,0.07705408185528995,suggest_with_caution,0.7356833,c_1122
c_2502,Traveler & Leisure,0.897436538452444,0.21262605839740098,0.684810480055043,suggest,0.72586673,c_1353
c_2503,Small Business & B2B,0.7996407610238758,0.42660632308256163,0.3730344379413142,suggest,0.7208622,c_0659
c_2504,Small Business & B2B,0.9865340468192032,0.130058859292918,0.8564751875262853,suggest,0.8876477,c_0130
c_2505,Parent & Family,0.6873128732293944,0.4708189769790763,0.21649389625031806,suggest,0.8389309,c_0913
c_2506,Traveler & Leisure,0.36978134663646,0.2274586175174851,0.1423227291189749,abstain,0.73220116,c_1053
c_2507,Student & Learner,0.35290379629336077,0.2597909466074255,0.09311284968593525,abstain,0.8884399,c_1942
c_2508,Parent & Family,0.5442442530367759,0.28560302330100623,0.2586412297357697,suggest_with_caution,0.7450659,c_2865
c_2510,Health & Wellness Seeker,0.7929668540237593,0.1731616975932686,0.6198051564304907,suggest,0.9149238,c_1514
c_2511,Traveler & Leisure,0.611091837890058,0.18533550496347623,0.4257563329265818,suggest,0.6352545,c_1788
c_2512,Tech Enthusiast,0.8031248312621254,0.3125521372547707,0.4905726940073547,suggest,0.872096,c_2313
c_2513,Homeowner,0.7986128568243301,0.27129667454364537,0.5273161822806848,suggest,0.71373606,c_0367
c_2514,Traveler & Leisure,0.5440537989942749,0.21816504748656124,0.3258887515077136,suggest_with_caution,0.7263052,c_2865
c_2515,Traveler & Leisure,0.40938881611174704,0.31629138917810734,0.0930974269336397,abstain,0.6820788,c_0117
c_2516,Parent & Family,0.679349358003839,0.29607371111253994,0.38327564689129906,suggest,0.7059176,c_0473
c_2518,Tech Enthusiast,0.8697657151897663,0.10949607556853401,0.7602696396212323,suggest,0.78002566,c_1446
c_2519,Health & Wellness Seeker,0.996107937896051,0.09549898902015168,0.9006089488758994,suggest,0.6837503,c_1502
c_2521,Traveler & Leisure,0.5836448027050029,0.3954545544413126,0.18819024826369024,suggest_with_caution,0.77671534,c_2570
c_2522,Traveler & Leisure,0.8625581923935961,0.1259531517500342,0.7366050406435619,suggest,0.91682434,c_1874
c_2523,Small Business & B2B,0.8534314414969129,0.32768825842187327,0.5257431830750396,suggest,0.70741856,c_2782
c_2524,Traveler & Leisure,0.9771210109404634,0.2248835275841481,0.7522374833563154,suggest,0.6423394,c_0327
c_2525,Small Business & B2B,0.4877919147196873,0.4007462924092067,0.08704562231048063,suggest_with_caution,0.76668656,c_1983
c_2526,Homeowner,0.8857733621847392,0.396270882893788,0.48950247929095125,suggest,0.7450113,c_1402
c_2527,Health & Wellness Seeker,0.6537685488266686,0.28981619186934543,0.36395235695732314,suggest,0.6978396,c_1611
c_2529,Small Business & B2B,0.7392001367975478,0.5860247505985308,0.15317538619901705,suggest,0.8185134,c_1061
c_2530,Health & Wellness Seeker,0.43956804126070037,0.2548722765970365,0.18469576466366389,abstain,0.71386075,c_0367
c_2531,Student & Learner,0.790704280283761,0.33378982490539066,0.4569144553783704,suggest,0.73961043,c_1998
c_2532,Traveler & Leisure,0.7508046778406327,0.44827093584063976,0.3025337419999929,suggest,0.6443601,c_0717
c_2533,Health & Wellness Seeker,0.8950946295029267,0.09912207484689509,0.7959725546560317,suggest,0.9013905,c_0289
c_2537,Tech Enthusiast,0.6904038063224054,0.6215102915073392,0.06889351481506623,suggest_with_caution,0.69457185,c_1240
c_2538,Tech Enthusiast,0.7591626550733667,0.6661229600358927,0.093039695037474,suggest_with_caution,0.7316233,c_2313
c_2539,Traveler & Leisure,0.4739104726163506,0.40578439507083486,0.06812607754551575,suggest_with_caution,0.8107571,c_1049
c_2540,Traveler & Leisure,0.8967224049138927,0.16511447721304898,0.7316079277008437,suggest,0.7984528,c_2865
c_2541,Traveler & Leisure,0.6002638262915324,0.39991113051049226,0.20035269578104015,suggest,0.7403793,c_1404
c_2543,Traveler & Leisure,0.46099170376425147,0.2655894678593791,0.19540223590487238,suggest_with_caution,0.76171505,c_2313
c_2544,Health & Wellness Seeker,0.5764067781207778,0.30007119681048394,0.27633558131029384,suggest_with_caution,0.6755915,c_1329
c_2545,Traveler & Leisure,0.5119875031677051,0.2178689058505163,0.2941185973171888,suggest_with_caution,0.80406564,c_2865
c_2547,Parent & Family,0.49519483682263105,0.45844335659967883,0.036751480222952215,suggest_with_caution,0.6840888,c_1179
c_2548,Student & Learner,0.9631226956634331,0.09013788995177618,0.8729848057116569,suggest,0.88701946,c_0651
c_2550,Traveler & Leisure,0.3738004956237901,0.17410165593188512,0.19969883969190497,abstain,0.72625554,c_2714
c_2551,Tech Enthusiast,0.8906837203574486,0.10645453464767793,0.7842291857097706,suggest,0.67636126,c_1061
c_2552,Health & Wellness Seeker,0.5442194607823204,0.3726606840983498,0.17155877668397063,suggest_with_caution,0.6585723,c_0678
c_2553,Student & Learner,0.9939693788146723,0.7017856790964788,0.29218369971819347,suggest,0.78276443,c_1998
c_2555,Health & Wellness Seeker,0.975032502151663,0.1875650687302106,0.7874674334214524,suggest,0.8147389,c_1514
c_2556,Traveler & Leisure,0.8648054147483774,0.2887514305082417,0.5760539842401357,suggest,0.6693947,c_0202
c_2557,Homeowner,0.36996671797402136,0.20503579254391874,0.16493092543010263,abstain,0.9878663,c_1065
c_2558,Traveler & Leisure,0.9152476748443288,0.11609632667755379,0.799151348166775,suggest,0.70057344,c_2309
c_2559,Small Business & B2B,0.9781029089192591,0.1322927595060262,0.8458101494132328,suggest,0.7481998,c_1991
c_2561,Small Business & B2B,0.8511527822150193,0.22109894870327862,0.6300538335117407,suggest,0.7484307,c_1660
c_2562,Traveler & Leisure,0.9579073099934264,0.22371011651925143,0.734197193474175,suggest,0.8297712,c_0559
c_2565,Homeowner,0.772148041276899,0.2976420090099133,0.4745060322669857,suggest,0.8200028,c_0499
c_2566,Traveler & Leisure,0.8784050448485378,0.17779285301081368,0.700612191837724,suggest,0.7102631,c_1049
c_2567,Traveler & Leisure,0.32631655288346284,0.15789669583052307,0.16841985705293977,abstain,0.62699306,c_2279
c_2568,Health & Wellness Seeker,0.9816158455388033,0.26178246925973037,0.719833376279073,suggest,0.79075384,c_0473
c_2569,Homeowner,0.3695218910815943,0.3252589931722138,0.04426289790938048,abstain,0.7265674,c_0367
c_2571,Homeowner,0.5473306752287783,0.3214387525557367,0.22589192267304165,suggest_with_caution,0.8218371,c_1593
c_2572,Parent & Family,0.9220304001079473,0.5985197211074773,0.32351067900047004,suggest,0.73505974,c_2286
c_2573,Health & Wellness Seeker,0.8867832549391963,0.34427772415508606,0.5425055307841102,suggest,0.84051096,c_0735
c_2574,Tech Enthusiast,0.8603510871650869,0.7164513583607003,0.14389972880438662,suggest,0.75340396,c_1490
c_2576,Health & Wellness Seeker,0.9676920162014309,0.13696587306533267,0.8307261431360982,suggest,0.8620882,c_0108
c_2578,Homeowner,0.7260106872804092,0.2934774390335494,0.4325332482468598,suggest,0.8828417,c_1827
c_2579,Health & Wellness Seeker,0.9889926047190971,0.11953828129429979,0.8694543234247973,suggest,0.7432961,c_1523
c_2580,Homeowner,0.490156229868243,0.27348880234562023,0.21666742752262275,suggest_with_caution,0.82953507,c_2328
c_2581,Small Business & B2B,0.37505914819920205,0.3327678027596103,0.04229134543959173,abstain,0.6402314,c_0899
c_2582,Student & Learner,0.568116152723605,0.3092764265730741,0.25883972615053097,suggest_with_caution,0.7272022,c_1166
c_2583,Traveler & Leisure,0.8067902685037068,0.27815275904251435,0.5286375094611925,suggest,0.5322566,c_1072
c_2584,Traveler & Leisure,0.7237624645576025,0.13709895166674343,0.586663512890859,suggest,0.7480825,c_1967
c_2585,Small Business & B2B,0.48635083292826703,0.38745265074136953,0.0988981821868975,suggest_with_caution,0.7723325,c_2802
c_2586,Traveler & Leisure,0.9460589063105832,0.3906480332367537,0.5554108730738295,suggest,0.6801672,c_1203
c_2588,Retiree & Senior,0.7018783202631362,0.25650657650703085,0.4453717437561054,suggest,0.7914363,c_0567
c_2589,Tech Enthusiast,0.46243508388103205,0.4471234268008273,0.015311657080204766,suggest_with_caution,0.8106078,c_0904
c_2590,Health & Wellness Seeker,0.5889790890809317,0.20388497431415217,0.38509411476677946,suggest_with_caution,0.74497557,c_1721
c_2591,Retiree & Senior,0.9363937517646884,0.1905768718803144,0.7458168798843741,suggest,0.82613856,c_2714
c_2592,Traveler & Leisure,0.9656297275651423,0.1456788274218633,0.819950900143279,suggest,0.7142123,c_0840
c_2593,Retiree & Senior,0.811743068133398,0.35252964067092984,0.4592134274624682,suggest,0.788178,c_1192
c_2594,Tech Enthusiast,0.9781665730806857,0.511696681644967,0.4664698914357187,suggest,0.89969444,c_0706
c_2595,Traveler & Leisure,0.7160139140057786,0.5811080984626091,0.1349058155431695,suggest,0.76396966,c_2313
c_2596,Traveler & Leisure,0.7258547784487772,0.7126162732985251,0.013238505150252156,suggest_with_caution,0.76535577,c_1453
c_2598,Traveler & Leisure,0.8840246975666055,0.19009738032556375,0.6939273172410417,suggest,0.66704184,c_2089
c_2599,Traveler & Leisure,0.7516062688177941,0.18911143845368372,0.5624948303641104,suggest,0.67101926,c_0845
c_2600,Small Business & B2B,0.8680597522337059,0.2894499543235003,0.5786097979102056,suggest,0.6740441,c_2652
c_2602,Tech Enthusiast,0.7574476294928537,0.6422365219301488,0.11521110756270492,suggest,0.68774503,c_2802
c_2605,Student & Learner,0.7430800659608943,0.11139117438285444,0.6316888915780399,suggest,0.7511097,c_1998
c_2606,Small Business & B2B,0.6410603234137232,0.35766520724089085,0.28339511617283236,suggest,0.75721437,c_2125
c_2607,Traveler & Leisure,0.73775860784992,0.137072171848621,0.600686436001299,suggest,0.73786503,c_2363
c_2608,Health & Wellness Seeker,0.9239532363286356,0.08664797624747979,0.8373052600811558,suggest,0.8308314,c_1128
c_2609,Health & Wellness Seeker,0.9084536933196738,0.26498400459387994,0.6434696887257939,suggest,0.76650727,c_1994
c_2610,Student & Learner,0.959701061545559,0.21525008305880305,0.7444509784867559,suggest,0.91404444,c_2782
c_2611,Tech Enthusiast,0.9458721028350474,0.3336004595191708,0.6122716433158766,suggest,0.7633285,c_0359
c_2612,Traveler & Leisure,0.6233112629833175,0.1761026954351368,0.4472085675481807,suggest,0.7598657,c_1404
c_2614,Traveler & Leisure,0.8617946847552839,0.19375700163280793,0.6680376831224759,suggest,0.7227287,c_2865
c_2615,Homeowner,0.9303974140631058,0.16514334952895365,0.7652540645341521,suggest,0.7953006,c_2035
c_2617,Small Business & B2B,0.5161109827715916,0.41306613052002034,0.10304485225157128,suggest_with_caution,0.83839524,c_1122
c_2618,Tech Enthusiast,0.7557993785438893,0.21697927714931348,0.5388201013945759,suggest,0.733117,c_1470
c_2620,Tech Enthusiast,0.998646325259056,0.8024234681585841,0.19622285710047183,suggest,0.8764866,c_2313
c_2621,Homeowner,0.556597287980391,0.42969545640525675,0.12690183157513424,suggest_with_caution,0.8095252,c_2313
c_2622,Traveler & Leisure,0.9325448729466987,0.18292359001629915,0.7496212829303996,suggest,0.7202687,c_0473
c_2624,Homeowner,0.9475812865084764,0.13665477251652655,0.8109265139919498,suggest,0.7897599,c_1162
c_2625,Retiree & Senior,0.7263377314455666,0.7227394088181656,0.003598322627401007,suggest_with_caution,0.68794113,c_2232
c_2626,Homeowner,0.8306560697792101,0.30216715549774814,0.5284889142814619,suggest,0.7166983,c_2364
c_2627,Tech Enthusiast,0.5050973280973327,0.45677468262003257,0.048322645477300086,suggest_with_caution,0.81409305,c_2328
c_2628,Small Business & B2B,0.8807557346072248,0.31754772138633464,0.5632080132208901,suggest,0.7687555,c_0323
c_2629,Traveler & Leisure,0.9658621161832759,0.051198531602080995,0.9146635845811949,suggest,0.7834269,c_1278
c_2633,Traveler & Leisure,0.8735156612410316,0.4856505415102224,0.3878651197308092,suggest,0.8822743,c_0401
c_2634,Small Business & B2B,0.9759267386009287,0.1762686639468824,0.7996580746540463,suggest,0.7159377,c_1660
c_2635,Traveler & Leisure,0.9527224474995932,0.11191930782682319,0.84080313967277,suggest,0.5262656,c_2437
c_2636,Traveler & Leisure,0.7896390868291572,0.2287871072429737,0.5608519795861835,suggest,0.69545937,c_1203
c_2637,Small Business & B2B,0.9883695291052785,0.2758824327411163,0.7124870963641623,suggest,0.9271,c_0130
c_2638,Traveler & Leisure,0.47120865380256605,0.23469423274254728,0.23651442106001877,suggest_with_caution,0.8149173,c_1049
c_2639,Retiree & Senior,0.7964341267769594,0.18998340961371335,0.6064507171632461,suggest,0.80671847,c_0567
c_2641,Health & Wellness Seeker,0.9898256267804357,0.05246366912303755,0.9373619576573982,suggest,0.79297185,c_0511
c_2642,Small Business & B2B,0.4321335428915277,0.08186758807813865,0.35026595481338907,abstain,0.70170295,c_1334
c_2643,Health & Wellness Seeker,0.8410035732059745,0.2136683744834935,0.627335198722481,suggest,0.78784275,c_1994
c_2644,Traveler & Leisure,0.5703837491706881,0.23608500336483407,0.33429874580585406,suggest_with_caution,0.66555125,c_2855
c_2645,Traveler & Leisure,0.368518333460794,0.2977436452245868,0.0707746882362072,abstain,0.7252127,c_1176
c_2646,Small Business & B2B,0.4621706077522924,0.43060209159672885,0.03156851615556355,suggest_with_caution,0.8425275,c_2781
c_2648,Small Business & B2B,0.5248890602247374,0.2634019139563788,0.26148714626835856,suggest_with_caution,0.8013045,c_1122
c_2649,Tech Enthusiast,0.8303259746375575,0.17731460629218224,0.6530113683453753,suggest,0.7195631,c_1326
c_2650,Traveler & Leisure,0.5644432240024199,0.12359789596503311,0.44084532803738674,suggest_with_caution,0.6703045,c_0706
c_2651,Traveler & Leisure,0.9235781071813922,0.10386916516449417,0.819708942016898,suggest,0.6080975,c_2437
c_2653,Traveler & Leisure,0.9551976319789849,0.07599181956374337,0.8792058124152415,suggest,0.8240984,c_2865
c_2656,Traveler & Leisure,0.9624526852946798,0.2774386505663266,0.6850140347283531,suggest,0.6249591,c_1874
c_2657,Traveler & Leisure,0.9504681613282767,0.06876897335684334,0.8816991879714333,suggest,0.77391475,c_1278
c_2658,Traveler & Leisure,0.702508198536916,0.16996826027701062,0.5325399382599054,suggest,0.7951298,c_0327
c_2659,Health & Wellness Seeker,0.9740277100136581,0.21148110446482535,0.7625466055488327,suggest,0.636934,c_2542
c_2660,Traveler & Leisure,0.4589202175600117,0.08972287098149895,0.3691973465785128,suggest_with_caution,0.6584993,c_2418
c_2661,Health & Wellness Seeker,0.9734732317548977,0.03261896776320668,0.940854263991691,suggest,0.80876577,c_1329
c_2663,Traveler & Leisure,0.818613505403039,0.3048915427570559,0.5137219626459831,suggest,0.66047823,c_0327
c_2664,Parent & Family,0.7388317870923018,0.24075378394773936,0.4980780031445624,suggest,0.7085977,c_2286
c_2666,Homeowner,0.6572229187358132,0.4813311937904917,0.17589172494532146,suggest,0.769954,c_0176
c_2667,Small Business & B2B,0.41235538884465517,0.27106757717429114,0.14128781167036403,abstain,0.81577224,c_1065
c_2668,Homeowner,0.4737819261904429,0.44742063723855896,0.026361288951883943,suggest_with_caution,0.715001,c_2823
c_2669,Health & Wellness Seeker,0.7726493610851836,0.30060690334525875,0.4720424577399248,suggest,0.8636246,c_2327
c_2671,Homeowner,0.9325941184492424,0.1197410110345133,0.8128531074147292,suggest,0.8192307,c_0472
c_2673,Traveler & Leisure,0.7907698143515925,0.17971913081743193,0.6110506835341606,suggest,0.75802946,c_1049
c_2674,Tech Enthusiast,0.8254020860476381,0.14274647779421532,0.6826556082534228,suggest,0.8433397,c_2218
c_2675,Small Business & B2B,0.7455751079244032,0.23666184234109325,0.50891326558331,suggest,0.70548105,c_0651
c_2677,Homeowner,0.9150564644332111,0.2883527623487087,0.6267037020845023,suggest,0.80158615,c_1905
c_2678,Student & Learner,0.9207073037643946,0.33885578717277703,0.5818515165916176,suggest,0.7291102,c_1983
c_2679,Student & Learner,0.9573759164473604,0.08604206209292464,0.8713338543544358,suggest,0.8052184,c_1363
c_2680,Student & Learner,0.8086868610591837,0.2713783017125806,0.5373085593466032,suggest,0.73477465,c_0756
c_2681,Tech Enthusiast,0.9613733098962645,0.6641603803676192,0.2972129295286453,suggest,0.9341649,c_2313
c_2682,Traveler & Leisure,0.5304641152452633,0.36095634542212945,0.1695077698231338,suggest_with_caution,0.83851254,c_1049
c_2683,Health & Wellness Seeker,0.989496564978059,0.1594399031663537,0.8300566618117053,suggest,0.71938807,c_0108
c_2685,Health & Wellness Seeker,0.8215369179536746,0.6059152915795453,0.2156216263741293,suggest,0.69174236,c_0731
c_2686,Tech Enthusiast,0.780968635941168,0.2356969221049104,0.5452717138362577,suggest,0.7737836,c_1579
c_2687,Homeowner,0.8148145724891879,0.41355110283009316,0.4012634696590947,suggest,0.7556863,c_0367
c_2688,Traveler & Leisure,0.6518408766730046,0.5314397002786787,0.1204011763943259,suggest,0.62313694,c_0346
c_2689,Small Business & B2B,0.9859980897916234,0.14746684210122238,0.838531247690401,suggest,0.71226376,c_0863
c_2690,Health & Wellness Seeker,0.8551890690562682,0.8497722851388213,0.005416783917446932,suggest_with_caution,0.76585746,c_0735
c_2691,Traveler & Leisure,0.39435599399367394,0.15773733408703683,0.2366186599066371,abstain,0.7290951,c_1883
c_2692,Traveler & Leisure,0.9721799923605818,0.07456419837930221,0.8976157939812797,suggest,0.7339356,c_2672
c_2693,Tech Enthusiast,0.680109939794435,0.22353621893346162,0.45657372086097336,suggest,0.7753094,c_1159
c_2695,Small Business & B2B,0.4526256147476454,0.14057122644455455,0.31205438830309085,suggest_with_caution,0.53279,c_2243
c_2696,Tech Enthusiast,0.8205420125143694,0.18355371337712506,0.6369882991372444,suggest,0.7514486,c_1579
c_2697,Small Business & B2B,0.8641152633818716,0.39525392704439377,0.46886133633747784,suggest,0.7597017,c_1601
c_2698,Traveler & Leisure,0.796640996491941,0.6962975763209649,0.10034342017097608,suggest,0.77459764,c_2286
c_2700,Tech Enthusiast,0.5181646251393845,0.4488281769282548,0.06933644821112978,suggest_with_caution,0.9621534,c_0444
c_2702,Traveler & Leisure,0.9416305573264346,0.13435556217447941,0.8072749951519552,suggest,0.760512,c_0327
c_2703,Tech Enthusiast,0.7205568406146002,0.719602100761786,0.0009547398528142459,suggest_with_caution,0.75728947,c_0904
c_2704,Student & Learner,0.9937013743150105,0.06632618517953145,0.927375189135479,suggest,0.87787944,c_2474
c_2706,Small Business & B2B,0.5064067203574761,0.24918494149227488,0.25722177886520126,suggest_with_caution,0.7912693,c_2434
c_2707,Small Business & B2B,0.5715248584788318,0.15119021322931,0.4203346452495218,suggest_with_caution,0.68793184,c_2129
c_2708,Health & Wellness Seeker,0.681894237329391,0.4378497747938399,0.24404446253555112,suggest,0.8373618,c_0473
c_2709,Tech Enthusiast,0.3773548575876137,0.3362242970487781,0.041130560538835625,abstain,0.76323646,c_1983
c_2710,Student & Learner,0.7702107157975999,0.4098759257138183,0.3603347900837816,suggest,0.71055794,c_0913
c_2711,Parent & Family,0.9518955963884665,0.8420490970779093,0.10984649931055723,suggest,0.6439111,c_2286
c_2712,Tech Enthusiast,0.675728845107141,0.20988479282336894,0.4658440522837721,suggest,0.7629234,c_2870
c_2713,Small Business & B2B,0.9588254231557892,0.16222828562962877,0.7965971375261605,suggest,0.8295475,c_1122
c_2715,Tech Enthusiast,0.45550714396898184,0.34664826401577564,0.1088588799532062,suggest_with_caution,0.82411087,c_1049
c_2716,Traveler & Leisure,0.3882874524217055,0.27721024831675717,0.11107720410494831,abstain,0.84262854,c_1049
c_2717,Health & Wellness Seeker,0.93990565814331,0.17093034779896915,0.7689753103443409,suggest,0.6909701,c_0751
c_2718,Health & Wellness Seeker,0.2720472706897376,0.25525234985808043,0.01679492083165718,abstain,0.78608483,c_1122
c_2719,Small Business & B2B,0.936540701809712,0.5540074147571012,0.3825332870526108,suggest,0.88729256,c_1800
c_2720,Small Business & B2B,0.827110804754852,0.3975539983910325,0.4295568063638195,suggest,0.6297863,c_2061
c_2721,Traveler & Leisure,0.8735501963354982,0.3279717350708709,0.5455784612646273,suggest,0.9184378,c_1180
c_2722,Tech Enthusiast,0.9063261806569821,0.2338385777380148,0.6724876029189673,suggest,0.77946305,c_1159
c_2723,Health & Wellness Seeker,0.7300038477183638,0.14677136037854452,0.5832324873398192,suggest,0.7792926,c_1994
c_2724,Traveler & Leisure,0.8881861467666157,0.20340529090376622,0.6847808558628494,suggest,0.621114,c_2148
c_2725,Health & Wellness Seeker,0.36356697940205224,0.27382233873542183,0.0897446406666304,abstain,0.72763854,c_2164
c_2726,Student & Learner,0.9460417826708134,0.2886687910031554,0.6573729916676581,suggest,0.6860971,c_1205
c_2728,Health & Wellness Seeker,0.8095418804154669,0.20973384611313162,0.5998080343023353,suggest,0.80464864,c_0839
c_2731,Traveler & Leisure,0.9228954502133525,0.1566178675838912,0.7662775826294613,suggest,0.8592189,c_2631
c_2732,Homeowner,0.9309740728354983,0.21089460758260445,0.7200794652528938,suggest,0.6951099,c_1078
c_2733,Small Business & B2B,0.6286020488496517,0.22710753852020432,0.40149451032944733,suggest,0.76931834,c_1122
c_2734,Traveler & Leisure,0.4707421486652354,0.17610102387100804,0.2946411247942273,suggest_with_caution,0.80897444,c_0751
c_2735,Small Business & B2B,0.9712068143888553,0.14980852896426075,0.8213982854245945,suggest,0.9242227,c_2322
c_2736,Traveler & Leisure,0.4813767006042099,0.352869329117211,0.12850737148699892,suggest_with_caution,0.6399489,c_0202
c_2737,Traveler & Leisure,0.5751188351678869,0.18686676794796223,0.38825206721992467,suggest_with_caution,0.88660425,c_2865
c_2738,Tech Enthusiast,0.6782869471058642,0.47179532991192347,0.20649161719394077,suggest,0.80622655,c_1122
c_2739,Homeowner,0.893698276484386,0.1614029988660758,0.7322952776183103,suggest,0.84577566,c_0499
c_2740,Small Business & B2B,0.9929965816211498,0.05082863139152004,0.9421679502296297,suggest,0.9002418,c_1991
c_2741,Student & Learner,0.8508310625899491,0.5697333961131906,0.2810976664767585,suggest,0.6854312,c_1176
c_2742,Parent & Family,0.6375512872367971,0.4020425944377174,0.2355086927990797,suggest,0.7396833,c_1311
c_2743,Small Business & B2B,0.7816055042766002,0.3588107870401149,0.4227947172364854,suggest,0.82198036,c_1122
c_2745,Health & Wellness Seeker,0.5122602344908509,0.24524777416675078,0.2670124603241001,suggest_with_caution,0.74776804,c_1404
c_2746,Traveler & Leisure,0.6258066293491716,0.32664658086890863,0.299160048480263,suggest,0.695053,c_0473
c_2747,Student & Learner,0.7502732757886977,0.5212441324572558,0.22902914333144198,suggest,0.7942784,c_2630
c_2748,Health & Wellness Seeker,0.8531772355129875,0.1195869462598019,0.7335902892531856,suggest,0.8755982,c_0473
c_2749,Small Business & B2B,0.830481692963192,0.1415071016902979,0.6889745912728941,suggest,0.799031,c_0907
c_2750,Health & Wellness Seeker,0.38403776080696367,0.29061085031146927,0.0934269104954944,abstain,0.76613325,c_1049
c_2751,Health & Wellness Seeker,0.4174385771836625,0.39058517946293414,0.026853397720728367,abstain,0.8814518,c_2114
c_2753,Small Business & B2B,0.9254514397399745,0.15784685756489658,0.7676045821750779,suggest,0.73275024,c_0756
c_2754,Parent & Family,0.9771381168624923,0.1822227740568489,0.7949153428056435,suggest,1.0000004,c_1530
c_2756,Tech Enthusiast,0.9572840813499591,0.450947983022009,0.5063360983279501,suggest,0.7215815,c_0573
c_2758,Traveler & Leisure,0.7272738240101967,0.16607416565559896,0.5611996583545977,suggest,0.84063506,c_2865
c_2759,Homeowner,0.4460097574959167,0.32407868525122063,0.12193107224469607,abstain,0.82876027,c_1122
c_2760,Student & Learner,0.7373674789065064,0.4241101561722054,0.31325732273430107,suggest,0.80349594,c_1611
c_2761,Traveler & Leisure,0.7934691177875418,0.15253375192720817,0.6409353658603336,suggest,0.8088421,c_2823
c_2762,Small Business & B2B,0.4978066937804803,0.46551697896948774,0.032289714810992576,suggest_with_caution,0.7763214,c_0266
c_2763,Retiree & Senior,0.9649710292403826,0.5282573150344724,0.4367137142059102,suggest,0.9800196,c_1670
c_2764,Traveler & Leisure,0.5436770914813196,0.39319515216192114,0.15048193931939846,suggest_with_caution,0.803135,c_1049
c_2765,Small Business & B2B,0.7158038042343995,0.35161511253849326,0.36418869169590623,suggest,0.7641947,c_2855
c_2766,Health & Wellness Seeker,0.9504519253472377,0.07728942751333409,0.8731624978339035,suggest,0.77126396,c_1329
c_2769,Tech Enthusiast,0.7450715998868608,0.6376299640606569,0.10744163582620392,suggest,0.76129425,c_0904
c_2770,Traveler & Leisure,0.7068386430265812,0.6822968870490564,0.024541755977524726,suggest_with_caution,0.6641487,c_2313
c_2771,Traveler & Leisure,0.8110911063751198,0.7441169337303548,0.06697417264476502,suggest_with_caution,0.7089635,c_2865
c_2773,Homeowner,0.6115756867546338,0.11437604460984088,0.49719964214479295,suggest,0.74605894,c_2426
c_2774,Health & Wellness Seeker,0.41658359507975345,0.34392574983999025,0.07265784523976321,abstain,0.6599385,c_0473
c_2775,Traveler & Leisure,0.9466302156217946,0.3660057649666137,0.580624450655181,suggest,0.6476082,c_1334
c_2778,Traveler & Leisure,0.7732861742929651,0.3400678968778885,0.43321827741507657,suggest,0.7867013,c_1072
c_2779,Tech Enthusiast,0.7883282187781191,0.39857617245431315,0.38975204632380595,suggest,0.8946615,c_1508
c_2780,Health & Wellness Seeker,0.8589173810628843,0.336721808200212,0.5221955728626723,suggest,0.781101,c_1994
c_2783,Tech Enthusiast,0.9006368574029968,0.4348775577251506,0.46575929967784624,suggest,0.7965769,c_2252
c_2784,Traveler & Leisure,0.7928017529158843,0.5140060100744779,0.2787957428414064,suggest,0.7185927,c_1203
c_2785,Health & Wellness Seeker,0.6870897373948374,0.12347345907010253,0.5636162783247348,suggest,0.82031196,c_1580
c_2786,Small Business & B2B,0.7184916752492383,0.6222770006337193,0.09621467461551902,suggest_with_caution,0.70212513,c_2802
c_2787,Student & Learner,0.7865590022545117,0.2044237461731959,0.5821352560813158,suggest,0.768569,c_1811
c_2788,Tech Enthusiast,0.9557535177320943,0.46448071489815296,0.4912728028339413,suggest,0.8683757,c_0359
c_2789,Homeowner,0.7144097820416532,0.11507927425900868,0.5993305077826445,suggest,0.740742,c_1250
c_2790,Small Business & B2B,0.8047617042316351,0.2179267054507699,0.5868349987808652,suggest,0.7190304,c_1991
c_2794,Student & Learner,0.586265079211816,0.13104811020310467,0.45521696900871134,suggest_with_caution,0.9161567,c_0899
c_2795,Homeowner,0.6744580357066026,0.411983712099891,0.2624743236067116,suggest,0.755316,c_1013
c_2796,Tech Enthusiast,0.8936827410809737,0.2351558623348683,0.6585268787461054,suggest,0.7737175,c_2054
c_2797,Retiree & Senior,0.9939771481785513,0.2611082215522614,0.73286892662629,suggest,0.95747674,c_1639
c_2800,Tech Enthusiast,0.9927543907677603,0.5867056780551205,0.40604871271263976,suggest,0.9005744,c_2313
c_2803,Homeowner,0.7942317215026693,0.5150363905568605,0.27919533094580884,suggest,0.77892536,c_0367
c_2804,Homeowner,0.7276016822070869,0.18065770498871114,0.5469439772183757,suggest,0.6782428,c_1593
c_2805,Tech Enthusiast,0.9855545030712869,0.247173213509,0.7383812895622869,suggest,0.74563664,c_0013
c_2807,Health & Wellness Seeker,0.9497197273054807,0.2946235922953278,0.655096135010153,suggest,0.869852,c_1883
c_2809,Small Business & B2B,0.9068498868173025,0.35105102757219653,0.555798859245106,suggest,0.8937922,c_1683
c_2810,Traveler & Leisure,0.9927866915283505,0.16275808573056003,0.8300286057977905,suggest,0.6834878,c_2823
c_2812,Health & Wellness Seeker,0.8831045217358225,0.2920080644784943,0.5910964572573283,suggest,0.7542109,c_1967
c_2813,Health & Wellness Seeker,0.9930915939373038,0.18847192991322526,0.8046196640240786,suggest,0.78160703,c_1994
c_2814,Small Business & B2B,0.6962576348348497,0.6703495540636215,0.025908080771228192,suggest_with_caution,0.9000394,c_0735
c_2815,Traveler & Leisure,0.478267619385424,0.1836698644260607,0.2945977549593633,suggest_with_caution,0.8413449,c_2865
c_2816,Traveler & Leisure,0.21544548707517006,0.15351078942170204,0.06193469765346801,abstain,0.90405613,c_1942
c_2817,Homeowner,0.7849412067059143,0.32882331580131036,0.4561178909046039,suggest,0.76115614,c_2714
c_2818,Retiree & Senior,0.8752153352414992,0.552460277212292,0.32275505802920723,suggest,0.8160713,c_2752
c_2819,Traveler & Leisure,0.4496765611256904,0.29226322705306584,0.15741333407262453,abstain,0.81316286,c_1049
c_2820,Health & Wellness Seeker,0.9672225494675609,0.11695318451932592,0.850269364948235,suggest,0.78812814,c_1848
c_2822,Small Business & B2B,0.4537524806094487,0.3849053079730969,0.06884717263635182,suggest_with_caution,0.74031395,c_0000
c_2824,Traveler & Leisure,0.9678006325582256,0.07112048391958581,0.8966801486386398,suggest,0.73920125,c_0979
c_2825,Health & Wellness Seeker,0.7187839788533753,0.22016681889361606,0.49861715995975925,suggest,0.68823814,c_2855
c_2827,Health & Wellness Seeker,0.8055700225643669,0.14883058602824512,0.6567394365361219,suggest,0.88820547,c_0751
c_2828,Parent & Family,0.9888410238874357,0.19439899777333486,0.7944420261141008,suggest,0.9391429,c_1530
c_2829,Health & Wellness Seeker,0.49405226283380893,0.4345583528474158,0.059493909986393145,suggest_with_caution,0.6775902,c_0750
c_2831,Health & Wellness Seeker,0.9698555328337355,0.07308103820370293,0.8967744946300326,suggest,0.78582066,c_0839
c_2832,Homeowner,0.5026769116062056,0.2513863847946718,0.25129052681153385,suggest_with_caution,0.7888307,c_1203
c_2833,Small Business & B2B,0.8188905613775203,0.20709897422245063,0.6117915871550696,suggest,0.7898355,c_2870
c_2834,Homeowner,0.8263973090127759,0.4013269738607863,0.42507033515198955,suggest,0.8409869,c_1449
c_2835,Traveler & Leisure,0.26062176074632615,0.24243574901798315,0.018186011728343,abstain,0.83656037,c_1122
c_2836,Homeowner,0.926458402028733,0.7764631302165328,0.14999527181220018,suggest,0.9158138,c_1078
c_2837,Health & Wellness Seeker,0.8085335976010671,0.09793859381615325,0.7105950037849139,suggest,0.82006156,c_0473
c_2838,Student & Learner,0.5710815056726855,0.29658672926767504,0.2744947764050104,suggest_with_caution,0.8316465,c_1122
c_2839,Traveler & Leisure,0.7922117086763696,0.4128544583836623,0.3793572502927073,suggest,0.71870816,c_2801
c_2840,Homeowner,0.7637643081251853,0.5152878486048711,0.24847645952031416,suggest,0.62122875,c_0367
c_2842,Traveler & Leisure,0.570353502439944,0.35993913491009444,0.21041436752984954,suggest_with_caution,0.68942076,c_0913
c_2843,Tech Enthusiast,0.9904482687320615,0.525886628927359,0.46456163980470244,suggest,0.915851,c_2313
c_2845,Small Business & B2B,0.9927788870000969,0.2471948982953468,0.7455839887047501,suggest,0.7151777,c_0863
c_2846,Tech Enthusiast,0.8610069428044412,0.4733879117775906,0.38761903102685064,suggest,0.70186704,c_1817
c_2847,Health & Wellness Seeker,0.5244532752581935,0.2643173161762401,0.2601359590819534,suggest_with_caution,0.74319607,c_1998
c_2848,Parent & Family,0.8146846432540371,0.3789181020227299,0.4357665412313072,suggest,0.67650604,c_2286
c_2849,Health & Wellness Seeker,0.4749139287867352,0.20065072084332927,0.274263207943406,suggest_with_caution,0.74391294,c_1122
c_2850,Health & Wellness Seeker,0.8035464117918275,0.11246539114717441,0.6910810206446532,suggest,0.7376962,c_2841
c_2851,Small Business & B2B,0.7372626814994906,0.7225696751702302,0.014693006329260405,suggest_with_caution,0.59780186,c_2781
c_2852,Health & Wellness Seeker,0.7989765676101787,0.29737788026307627,0.5015986873471023,suggest,0.8762629,c_2327
c_2853,Homeowner,0.9870102798896283,0.442156913521066,0.5448533663685623,suggest,0.74154305,c_0472
c_2854,Health & Wellness Seeker,0.7200152504935815,0.11086868688403355,0.609146563609548,suggest,0.7293703,c_0108
c_2856,Health & Wellness Seeker,0.9566022577781097,0.14217748339915998,0.8144247743789497,suggest,0.8427221,c_0108
c_2858,Small Business & B2B,0.98306522417323,0.25832460589401773,0.7247406182792122,suggest,0.6453407,c_2061
c_2859,Student & Learner,0.5225219809355771,0.21273750137043856,0.30978447956513855,suggest_with_caution,0.73950744,c_0756
c_2861,Health & Wellness Seeker,0.5878341957730926,0.29296188136445717,0.2948723144086354,suggest_with_caution,0.6071826,c_1449
c_2862,Traveler & Leisure,0.7454296898244145,0.15205163683683245,0.5933780529875821,suggest,0.81130147,c_2865
c_2863,Traveler & Leisure,0.6879202418931081,0.16974246740384175,0.5181777744892664,suggest,0.82190645,c_1122
c_2864,Traveler & Leisure,0.9778954495217058,0.17757660188582525,0.8003188476358806,suggest,0.7994968,c_0559
c_2866,Small Business & B2B,0.8204184725878249,0.5417193233737188,0.2786991492141061,suggest,0.7518288,c_2781
c_2868,Homeowner,0.8158529463363369,0.3307525586004316,0.48510038773590525,suggest,0.7755822,c_1065
c_2869,Health & Wellness Seeker,0.5851885359420758,0.40362037101490267,0.1815681649271731,suggest_with_caution,0.8095064,c_1994
c_2871,Traveler & Leisure,0.8873980131675269,0.32628847943794775,0.5611095337295791,suggest,0.73134094,c_1319
c_2872,Homeowner,0.8863704223725699,0.7850239599804836,0.10134646239208633,suggest,0.7748652,c_2313
c_2873,Tech Enthusiast,0.475234083929765,0.2850299300577589,0.19020415387200612,suggest_with_caution,0.91665137,c_0390
c_2875,Traveler & Leisure,0.9381440357103756,0.3134536550821922,0.6246903806281834,suggest,0.73223203,c_0840
c_2877,Tech Enthusiast,0.7018679261524908,0.2066558627527219,0.4952120633997689,suggest,0.69473743,c_1453
c_2879,Student & Learner,0.6092829515127407,0.22735199758442987,0.38193095392831083,suggest,0.72878206,c_0756
c_2880,Parent & Family,0.45839809427329326,0.1338216914366746,0.32457640283661865,suggest_with_caution,0.6787046,c_1173
c_2881,Traveler & Leisure,0.513488874470997,0.29196173539766607,0.22152713907333094,suggest_with_caution,0.7300584,c_0840
